order_id,customer_id,order_date,product_id,product_name,category,quantity,price_per_unit,total_price
bd9c66b3-ad3c-4d6d-9a3d-1fa7bc8960a9,972a8469-1641-4f82-8b9d-2434e465e150,2024-06-12,37f8a88b-17fc-495a-87a0-ca6e0822e8f3,Novel,Books,1,383.7,383.7
06cb0fb3-9a1d-4644-815e-f6d13b8faa18,a65ed389-b74d-4fb1-b2e7-06298fadc1a6,2024-09-29,72ff5d2a-386e-4be0-ab65-a6a48b8148f6,Laptop,Electronics,3,381.41,1144.23
de8a774b-cf36-458b-8737-819096da1dac,28df6ec4-ce4a-4bbd-8241-330b01a9e71f,2024-09-28,27cd8130-4722-4389-971a-a8766c307511,Cookbook,Books,2,315.72,631.44
562b0f79-c374-49ee-b50b-ea63371ecd7b,18c26797-6142-4a7d-97be-31111a2a73ed,2024-05-19,43b7a3a6-9a8d-4a03-980d-7b71d8f56413,Smartphone,Electronics,2,148.39,296.78
759cde66-bacf-43d0-8b1f-9163ce9ff57f,ec1b8ca1-f91e-4d4c-9ff4-9b7889463e85,2024-05-27,d453dd32-4b0d-4b41-8d52-88f1142c3fe8,Cookbook,Books,1,302.56,302.56
dc98d2c1-e2ac-472f-9e57-4f7aa0ee89ae,b45ed1f0-3139-432c-93cd-59bf5c941cf0,2024-01-28,c5e7ce8a-3a57-4a8e-a948-8d990bbb2599,Cookbook,Books,7,149.2,1044.4
daf61a26-146d-4f31-bc37-7a4c4a15544d,614ff3d7-19db-4ad0-9dd1-dfb23b982ef8,2024-04-17,5d65a441-d588-42de-a2bc-372f7412b293,Science Book,Books,1,391.46,391.46
35a240ae-5af3-4553-9ec4-2e0829a3b2e9,efc89849-b3aa-4efe-8458-a885ab9099a4,2024-09-22,a28defe3-9bf0-4273-9247-6f57a5e5a5ab,Headphones,Electronics,6,175.04,1050.24
3eabedcb-baa8-4dd4-88bd-64072bcfbe01,451b4cf3-6123-4df7-b656-af7229d4beef,2024-12-25,3838b326-8e94-4239-b02b-61c4a3d70628,Tablet,Electronics,2,91.74,183.48
c4b032cc-d7c5-44a5-9304-317faf42e12f,d261a7ab-3aa2-44f9-8e51-f30dc6a7ee39,2024-01-13,448aaa9e-66b2-4c5b-90c1-87fcce177b4e,Tablet,Electronics,6,321.68,1930.08
f16287e4-e9c3-49e0-b602-f8ac10f1bc81,508ebad7-b7c9-4acf-a059-a0ee9132b63e,2024-03-23,e27a984d-6548-41d0-bfcd-9eb1a7cad415,Headphones,Electronics,9,106.17,955.53
24933b83-7577-40a9-a491-f0b2ea1fca65,beb79919-3f22-4af8-a3be-d01d43cf2fde,2024-08-06,95a76d79-bf3c-4c06-8343-08bc89fa6a68,T-shirt,Clothing,9,181.93,1637.37
663f1c97-9562-49f0-a5d7-b8756dadd6c7,ff5e9ff0-ff50-4de4-b825-67b85cabcc97,2024-02-23,c17af08a-1745-46d8-be57-0ddf827050a8,Cookbook,Books,6,309.81,1858.86
27209bdf-1c11-4735-9c71-3d960c0fd195,ae340454-cac5-468c-a8f4-9481a0a04dc4,2024-06-12,61b1cd22-6280-4c45-9043-5a1098ae4334,Novel,Books,1,347.57,347.57
877409a9-77d2-4e02-bf01-cf99988c24c9,dc5c0eed-8da0-465b-b898-97b9405cacec,2024-01-05,ae849217-1d53-434b-b881-39b9ae270da7,T-shirt,Clothing,4,439.92,1759.68
444ea7c8-c039-4710-8976-e334e2817efd,1c8eaee9-5715-4d6f-a416-1293c4c2e2e3,2024-04-23,00d4af59-7427-4ca3-a87d-06ca6f4cc69a,Jacket,Clothing,8,336.06,2688.48
b83cfe0b-e037-45ed-b8db-0672f42d47cc,c30ff46e-8026-495f-b8cd-a88b436d76e2,2024-03-10,deda4e16-1b3d-4d5c-a9a1-fa6f81f76d1c,Jeans,Clothing,6,209.87,1259.22
a39231a7-d777-4477-8c66-e0a8a013ac6e,2720797d-32eb-4689-9be5-78c781f631d4,2024-05-25,f4188f3f-8a14-4e62-a95b-4715c333e861,Science Book,Books,2,324.11,648.22
eb2263dd-87c5-421e-ac24-a3c5c754108f,7d154385-52fb-443b-9954-6eb400257ad1,2024-01-08,e0f3eab0-5cec-4eb5-add9-68311ca35cfb,Smartwatch,Electronics,4,123.53,494.12
4eb93eff-ce88-4b2d-94e8-0839fc3e058b,e0c53cb8-3da9-42a9-8ed4-2f1a3d4cbf37,2024-08-08,bb5e4bcf-15ed-4269-9429-6c07f26b4776,Jacket,Clothing,9,148.83,1339.47
fa5d3100-11b7-4948-90e6-e6607c69dee1,2031d750-c40d-49b4-885f-6e66c2b6d2c5,2024-02-19,8cbfedb0-f264-4ccc-b9ac-1b1ea8e56e0c,T-shirt,Clothing,4,419.81,1679.24
df57c59a-8715-4103-83da-c0432a45c2ab,36386821-f6e0-4cc0-ac52-c49f9b49bd26,2024-12-26,b09b2a5c-badc-432a-8159-0f538a0f4efb,Dress,Clothing,5,79.78,398.9
66245bfa-4fcc-439a-b683-d2e6337ea2df,5f987c71-a65e-488e-abf3-ad39fec21bbe,2024-06-19,1efa2197-7394-488f-847f-d9b4e64d1bcb,Science Book,Books,4,344.95,1379.8
568cc69b-1064-405c-b985-c3cf3f76be1d,3ae8cc93-8dcd-4d03-969b-666205628059,2024-08-16,b535106e-122c-4a56-81d7-425638602ab6,Dress,Clothing,3,169.2,507.6
114125c6-3a9b-4dd4-8f12-59e0a18ff6b6,5496f63c-dc11-40c1-880a-adfbe7c99b26,2024-01-28,ab4220a7-474a-493b-bced-df2d839fbc50,Smartwatch,Electronics,9,168.23,1514.07
21df306f-8a0b-4c33-b6d8-393a7c441fe7,922fe15a-e1e3-4b63-af7d-dc76b92da22b,2024-08-11,7914c120-c8dc-419f-be35-11287900f7f9,Travel Guide,Books,10,229.73,2297.3
1825bc54-30be-445f-a835-14f2ceb81f9d,5ab33edf-6e59-4ed3-a8b3-17fa18d0752b,2024-06-13,baa4b71a-dd24-47ac-b78e-edb3693dffbc,Laptop,Electronics,9,272.08,2448.72
fbf24050-a748-4bcf-ac61-9e630dde29a6,6712303a-0f84-4fef-9931-e9eea56c0941,2024-10-09,1bf90e27-dc96-425e-8cf3-a17156dc8907,Smartphone,Electronics,3,332.35,997.05
894a05e4-30b1-47ef-b10c-0c003fa7f104,2ef91276-6c00-4f61-a3e2-fcb472d8567d,2024-04-18,ec5b227c-dfde-4fbf-bff3-50bf766ecb15,Travel Guide,Books,10,78.59,785.9
dc815fe7-ceda-4bbb-b171-0434134c6c92,0cf35b58-1910-4be5-8ce2-1ea3db20a56e,2024-09-10,03c72ba8-d605-4770-8a63-f881ffd0f9d5,Shoes,Clothing,8,288.1,2304.8
c0e9ab30-ed26-42e9-97e0-11b7f8102383,680ac07a-2a93-4d62-bc83-5dc0d9441fa5,2024-07-07,66aa9385-dd59-4a71-b6b8-24817b3a4e3e,Novel,Books,2,356.77,713.54
610461e3-2a25-4888-8f02-bad0e7067ef4,43e458fc-63f2-4e24-bc3d-3348008d4127,2024-12-25,490617f2-747b-4dba-88fe-3ccdc8b8d9c6,Science Book,Books,6,100.2,601.2
bb026576-f512-44c3-b253-d2186c4a37ea,a97065e1-8e46-4534-888a-618efed4057d,2024-10-06,4bf50b52-309d-458c-a7a0-c3d77c967f79,Jeans,Clothing,8,51.46,411.68
944528c0-0ef8-42d6-b7fd-564637bb3eec,bf7b539b-0f9a-4a4b-8acd-4e10bc594585,2024-05-01,7a0ecfea-958c-49ba-8cd6-20c20ea2622b,Science Book,Books,9,392.88,3535.92
87f7e1fb-da4b-49ca-ab5c-f46780bacd64,82010c62-f5f5-4b22-8e8f-a8e0284d82e5,2024-02-01,98543881-118a-4d29-af92-3996d9f195d0,Novel,Books,5,428.75,2143.75
3c365296-dca0-4eec-acda-bacc1165e210,e3e9de99-f10c-418b-9eb0-e38a675dd5af,2024-08-09,0a2c827e-9832-4856-9434-0a033f07f814,Cookbook,Books,4,118.78,475.12
a8499b92-6b52-42e3-94fc-dd549e8fc965,50fd9d3f-85d5-4695-90b2-b633956b8c0c,2024-12-29,b758588d-ab73-495b-b44a-54b842c18a62,Smartwatch,Electronics,9,463.32,4169.88
655238a6-43ff-4011-bd1a-85dd506e5a9a,4ccc9bc2-a53f-4a28-abf3-e3fc21813d25,2024-06-26,ef8c485b-c07a-40f2-add4-253b50f0fd0a,Science Book,Books,8,58.76,470.08
9f044aed-7552-4327-8262-7f7312922f83,19985f15-ff00-4d4d-9020-59e4ff9ab5c2,2024-01-29,43e42caf-8181-48cc-b691-47eb89a2688b,Jacket,Clothing,4,76.07,304.28
e1805081-5958-4499-aeea-163e21e8ac68,5e9953d2-3e89-4c64-a117-dac3119c4ea3,2024-04-20,8b10550c-d570-4f32-b02c-dd20286218b8,Novel,Books,2,379.36,758.72
fbddcf7c-9c96-49ec-8d71-c366b41b3143,8768a84f-a76a-4de6-8e9e-1a11fcbb4e59,2024-01-04,4ca415ea-8dfa-4a56-912d-bc9aaaf91531,Smartwatch,Electronics,3,107.78,323.34
f05db76e-1a84-451a-a9d3-d7c7ee87905e,1d8cbbac-43b4-49ef-a260-e70fe0ccedc5,2024-12-11,27cb6f2a-8da0-4097-be0f-051b1b66b5a9,Shoes,Clothing,3,169.28,507.84
35ebd32d-9ad6-40ab-8821-2ddb45b89cd9,afffcfd2-341e-440b-97c7-00aab7b56ea7,2024-09-03,7d106c60-8162-4cf1-8394-72e6da587e8a,Travel Guide,Books,4,468.01,1872.04
d89a40c0-e87d-4c78-a7c4-21c740497b71,6c6f7633-a260-4723-97a0-df490d01280f,2024-11-18,5563f616-00e8-4ece-8b49-452d46d483f3,Biography,Books,5,229.55,1147.75
fad409e2-a319-4cb4-a17d-65a0c56811cd,711c21c9-bdc1-4f1f-a95d-6fbf430f801d,2024-08-02,0279b6a6-8f97-47b0-ad7c-e3c9b4a69f3c,Science Book,Books,8,454.83,3638.64
e21342b0-f1ee-4ba3-9343-2e611ca3c448,8babce3b-2628-4bfb-a767-dceab0e6a969,2024-01-14,8d7248e2-951f-48d0-9e84-f058d5a804eb,T-shirt,Clothing,4,151.11,604.44
0ab54bde-20a0-4502-ae06-809725e97977,eededb07-e623-4689-9d59-cd2a4eea04e7,2024-11-05,e61fecc0-0a36-4ce7-9c57-0131f8e1daa7,T-shirt,Clothing,10,299.26,2992.6
3fe12e47-ae9b-4c36-b5c7-936c5b9962c6,c7b5b2bc-5a8a-4eca-9a50-aec3aabc25fa,2024-08-05,f94d6204-6808-493f-9fed-2c43e256a6dc,Biography,Books,1,81.95,81.95
ecfedb99-2790-4ebd-bfdd-c3d99ee3ac2a,2999b735-dd56-4c94-bc9a-d14cee0caeb5,2024-11-06,698c206f-e1a4-4e10-ad53-4dd0cf8ebc5a,Novel,Books,4,80.33,321.32
ecab3301-bc8f-4d29-adea-94930658663a,696608aa-ee49-4329-884a-7b28550a1b46,2024-11-07,cf8d446a-bc2c-4b0d-9d33-4cc7ab7f089a,Tablet,Electronics,2,281.37,562.74
c991603f-28c1-4091-844d-610b3f87e362,df465290-61ee-411a-9bac-27a7b386f7a4,2024-01-16,33173470-38f1-4a81-b87f-2425dbccc477,Dress,Clothing,4,292.66,1170.64
598336e3-75d6-4ed4-ab1f-a9f2d10bd1d0,df0f06cb-cb9b-4326-920e-ac174e20fd1a,2024-03-29,3170f437-a8f7-4f5a-860e-df5b39118497,Cookbook,Books,10,262.7,2627.0
dd463c09-4752-47aa-9408-f9ac6601ddd0,4774bc58-c5f8-4c16-b786-0b5011c58ef0,2024-05-16,adf4e62d-6651-429e-8268-690ba43825b5,Dress,Clothing,4,92.45,369.8
54c63cd8-8945-4f27-97fa-2d8dfb2ca025,e08596db-1d87-4966-8710-d430f071d879,2024-04-11,fbc9f87a-f668-4617-94a1-875d2db69edb,Travel Guide,Books,6,240.61,1443.66
98b8e4cc-1bc0-44fc-89cb-394243f59a85,c9535b63-ba81-4dd9-987e-f3446f3f920c,2024-05-01,82ec9f2d-fbf6-416f-9b30-80d56fb78271,T-shirt,Clothing,2,77.28,154.56
939b462d-e645-4129-a29c-2ae31d9af659,b572f3d0-0b5c-4a6a-8135-7e8c30a900ad,2024-06-18,ce777f00-ecf2-4e76-8519-7ff4006ed6e3,Science Book,Books,2,161.9,323.8
f0b5156b-b82c-4074-afd5-dea589d7fd6c,3270e4fa-abae-4f43-bcae-8081bdf070aa,2024-05-21,aa0b7b14-f2e9-402d-91e9-cdaa6e6981a3,Smartwatch,Electronics,8,113.08,904.64
505cc686-9f87-4ce7-9487-fd4febb7a385,b841d0a0-1fe7-41d6-9917-8793a9d3c2e6,2024-12-15,aab97e49-4f2d-4796-81d2-c7de4ce1eb90,Tablet,Electronics,8,162.41,1299.28
b27c4026-6703-4636-9380-b904688c7015,311c6eb6-2095-4ef6-8ded-f9fb4bb00f20,2024-06-12,ad64b56c-610f-4a3f-b0bb-ac67aa38d0a1,Headphones,Electronics,9,94.06,846.54
9d9262af-2c8d-4e44-a71e-43a6bf85bf0e,8c459ce2-67f4-4ad5-8d0b-0d1a91b0e1d9,2024-11-19,35ce8841-4973-4d6c-8dca-bfb7001a9a8b,Cookbook,Books,1,486.05,486.05
9b4e2c24-9479-41e6-8927-7d9b6e0d2648,7118e364-7709-4749-927e-ecfaa79ac9aa,2024-06-20,7922bac2-82dc-4c8e-b6b5-229aacf5e81e,Laptop,Electronics,7,268.54,1879.78
cbc84759-f5b7-4cc7-a6b3-c944cb323e35,15b52908-a8aa-4158-ab70-e525bc67f831,2024-04-20,9e87e04c-a208-4977-a9f2-533683f4a9a9,Headphones,Electronics,1,124.09,124.09
f3b63fe1-d184-4324-97e8-392a55cee5db,4f77a665-ac3c-4640-bc20-592fc04a96c4,2024-03-28,0640be0f-25b8-4d4b-b2fa-2de8ce7ae7f6,Headphones,Electronics,5,466.93,2334.65
79a28903-fbe3-4b24-beae-00320bd4a990,12a4def0-c4bb-47a9-9988-68dd9c7c7377,2024-06-25,935f2b0a-a138-4ddc-a2d9-de5d6a18ce4c,Jacket,Clothing,7,363.47,2544.29
624c69b6-b244-45a7-b7e5-848131c681ec,25c73c44-3e75-43b4-a64f-a6637e8f8095,2024-09-11,c03f3538-e485-4aa1-816b-6287b00805cc,Cookbook,Books,8,119.66,957.28
1b494e15-e2ad-4909-8521-bf2ddc45d539,2d06e8cf-3805-4907-acd6-6193c7468f59,2024-11-08,76ecbdd6-8498-4113-b227-462cf53d4330,Jeans,Clothing,1,310.63,310.63
eadf5085-3fcb-4546-8eb2-25790cdb1ca4,222282e1-74da-4ebf-9f11-5b76d92c9227,2024-11-07,fce68504-87f8-424d-aae6-5fc176f2dbfe,Novel,Books,6,75.72,454.32
f335cba3-513a-4052-986f-90258f15ba58,9cd6c852-714c-4df4-a434-7d51c1581092,2024-11-12,6d3ee1dc-8139-4443-a45b-712eb8225688,Travel Guide,Books,9,463.72,4173.48
722764e6-8c41-461b-a827-a1b9d4a02e53,dc8aee30-be60-43f7-a8be-9288e5af6e39,2024-07-03,3f4b1a70-c074-418e-825a-609f7337c599,Biography,Books,1,482.35,482.35
c40c5d91-46fd-4062-a33d-c7afd701410d,a07295e9-7c0e-4cd8-8573-e793c715b2b9,2024-04-02,b6aae05b-13d5-42f7-b09b-7d97464c04af,Laptop,Electronics,2,317.77,635.54
55fa1ab8-458f-4f19-bc07-c57449257af1,14a0bccb-8a47-4a87-a49d-681d51d87c64,2024-02-23,b1a6b1f1-620e-49d3-bb33-f3d8269cd696,Biography,Books,7,103.95,727.65
10714d51-36c5-4dac-b4d7-e28e271e3ee2,8ae8905b-54b4-4482-a858-6eba6a34c854,2024-06-29,d5385b0e-34f3-493c-8ff0-a55c6a702e2f,Biography,Books,10,317.53,3175.3
c51155ff-e7a3-4e81-a3b4-c08b6b8e869f,05000bc6-b20d-4b6e-b231-1f1795863a76,2024-11-28,6160a6b4-9360-415f-83fe-0183e172b725,Novel,Books,7,345.82,2420.74
5a0cdd7c-f157-4470-8182-67c47a1b5806,da7b9095-63d6-4a39-80e3-befd4c71e0fe,2024-12-12,89c8d2ab-6b44-4a8d-95f2-5073f41402b1,Cookbook,Books,6,470.62,2823.72
ccc42903-8bcf-43a1-bc10-fa52bf5d2fdf,7cfc9b79-3875-494c-a5d6-f6e69a6ec2f5,2024-03-26,076e2bba-7c53-48bf-af92-f25e45df16b6,Tablet,Electronics,4,169.53,678.12
addc3e13-ab3b-4d37-960c-95ee638c254c,2a405f12-b963-437f-a781-4c1fcc530e36,2024-11-22,fb10987f-20ac-4703-ab67-146a77a6e17c,Tablet,Electronics,8,192.28,1538.24
e82c7d7b-06e7-45f9-88bc-539c9f4c3b79,a9ba5a27-907b-4e36-9786-48f864de82e6,2024-01-11,22bd3388-6db9-4102-a48b-3dbe157d94a1,Smartphone,Electronics,8,329.52,2636.16
0cdf742b-2e85-4b21-b631-de9ddde9f863,362f5e5c-53cd-4268-a10c-f37342999aa4,2024-06-25,e1301617-c2df-4335-9666-6f9f53ac2ab9,Novel,Books,2,291.94,583.88
f3821cfd-c083-473a-873b-d358610e6a64,d5bcb8d0-4094-4ded-abeb-ac31d4f8fd72,2024-02-01,8a175dfe-bfc0-4dc8-84f6-4d8678660765,Science Book,Books,3,469.97,1409.91
59970043-f3b1-425b-bff9-f5850d557b61,c7fee39f-1190-4938-a66f-d7f739669fa7,2024-09-10,f319c125-07f1-44f9-8115-6d6d0a4e5b70,Laptop,Electronics,6,178.24,1069.44
05379ff6-d6d7-43b8-b309-4d353f4df561,20500494-3d11-4802-a702-878b9f0fda8d,2024-07-02,f2a03459-9060-4f62-9d48-a071ab61a7b1,Shoes,Clothing,5,325.25,1626.25
41992fdf-b310-42f0-b70c-779837cc863b,9b1bc895-2af4-4ab7-9e6f-ea07c4536f1d,2024-08-23,1d5206ab-b7e6-427c-bf78-0e3ff6b751f7,Cookbook,Books,1,350.54,350.54
f6f7f0cc-29ec-4e49-91bd-b8c0c71d5e60,0692dc63-9424-4ed5-9bac-5c154fa03f26,2024-12-26,e87466d7-ad66-41bd-9367-6a024fdc6e1b,Science Book,Books,2,472.52,945.04
f1043785-658b-4523-a014-1de9f54ad0a2,9793b9b4-1374-4146-b2c5-bd89b70b3420,2024-09-25,1a16342c-3e2b-4091-a092-f52ad4a057a7,Tablet,Electronics,2,450.37,900.74
d9acd158-4d34-45c5-85c1-4eb4b27b3d90,1efd76e9-ce37-44af-99b4-9350af2b99b4,2024-11-05,0a8381be-c85a-4a46-90e0-f4a0fbdd3933,Cookbook,Books,3,172.56,517.68
a9597663-6daa-4e68-8861-fe1858e25888,a5c5650c-8186-4576-91a7-26095eddbbbf,2024-05-12,d284476c-6b88-483d-997d-c9cd033d2bce,Biography,Books,6,141.62,849.72
f5f62c97-6efb-43b1-9b04-98637d7ddbed,d4262982-e43e-4288-a2b5-b4985cb85aed,2024-06-27,2d174fc9-6f7c-45ea-a72a-6d8eb5122df8,Science Book,Books,9,269.84,2428.56
a6846099-f729-4951-8591-31d2bbda0242,eb6c1016-cee6-44d0-9dac-6e8345241ea6,2024-07-28,6f81cf4f-7701-47bb-bbc6-7e1fc64ee6e3,Smartphone,Electronics,7,423.21,2962.47
44b591f7-97ac-4aa8-bb24-88a3d36357b6,d4aac9a3-3ed8-456c-9a09-dfa052828d80,2024-12-28,7367c28d-e1b2-44de-8767-d76c162f8a24,Smartphone,Electronics,6,397.0,2382.0
91e1aa96-76f7-4255-801f-36bf3e6dd58b,561e16d1-6105-416b-ab0e-664e9c3eb2d5,2024-01-12,2e8d0e87-5334-40e6-99d8-0b8d7e8adee7,Science Book,Books,3,383.55,1150.65
cc3ebdde-5ad5-4f06-b64d-7c877cd0129d,e15ca666-4797-42c9-9720-72464223623b,2024-08-19,8e485223-46b9-4991-a14e-b70db380c73a,Travel Guide,Books,9,54.35,489.15
30e912f2-f2b4-4abf-8441-aefd0299436a,680bac63-b856-4035-bdc9-829015eabb27,2024-07-08,b0cbc61f-3d85-4e89-8217-14298e200724,Laptop,Electronics,9,66.21,595.89
7da67785-b63b-4dc3-a559-e46379e13cea,17d2582e-046a-4df5-8afd-a61372bb912d,2024-04-24,3e493f43-b118-468d-a786-d50638ba8abc,Shoes,Clothing,9,116.64,1049.76
5e781fd7-94e0-43ba-a9f9-48b24e6384bb,58007c02-87ea-4ff5-8db0-674679279973,2024-06-14,54aebd1b-8ce6-424d-bef5-9fe6ff233d5f,Smartphone,Electronics,5,214.09,1070.45
455ac762-7428-4656-b3ee-4d3b5a104129,1ee34dc4-3b04-4a8b-805b-fdc94e7ed827,2024-10-07,be2d740a-1e9b-43bc-90c7-c006314d3441,Tablet,Electronics,4,356.93,1427.72
b0ae8f08-c31e-4bbc-b36c-b62b892e6161,bd1531c8-3764-4bda-b108-d4482f65fafa,2024-07-07,fa02eaec-96ef-4ad6-b97e-670346c8adfe,Novel,Books,6,401.05,2406.3
48729a4d-98c7-472a-864e-9a13c29cfc0c,31b1b099-d527-41e7-99bc-143efb02bebb,2024-04-25,4d6168bd-2def-4193-9c62-b3a23a3c563e,Shoes,Clothing,3,466.59,1399.77
2067bdac-88bd-43d1-b540-b30e039f3a25,0df56ac6-f96b-448a-8ba6-eab94639447b,2024-08-02,2053da42-f1af-4b65-b289-f2244ac9778d,Laptop,Electronics,3,446.64,1339.92
7daa39f0-c0b6-4ce2-9e53-790aa34b6cf6,92f5df7b-0323-4342-9f6a-8f931a432f0a,2024-04-20,5738811d-70c2-403f-ba8d-03aa782a65e0,Laptop,Electronics,6,402.07,2412.42
40a26c60-0d27-4659-b72a-da9b2f32751e,1d34d08e-7a4c-45d4-9c99-e04cf0e98b3b,2024-11-15,12f70c97-7de3-4a51-a694-c34310ba58e3,Jeans,Clothing,5,121.64,608.2
0db95301-afbb-411a-a123-5a8c93b7a886,90164161-cfa7-41cd-a631-d00b26d794d3,2024-04-27,1e52d770-3f89-4142-be71-6b1415ce6a66,Novel,Books,7,442.48,3097.36
9b37a22b-6a8a-416f-83b2-90d08edddfcd,39c6a1ca-9e50-4a42-8a6d-fda1989bc4da,2024-10-28,e893be3d-7354-4a6f-a160-745985c7504b,Jeans,Clothing,4,417.46,1669.84
96a9954f-dc33-41f9-8c1f-55ab715629ee,9191b363-4e2d-4645-adc7-cac7fd72b050,2024-08-29,bd767e35-f5c9-4047-9c10-c5720f6b40d0,Jacket,Clothing,5,419.24,2096.2
3531968d-c342-4d2b-b295-456e19675f06,a911d192-43bf-4931-b605-bf54a021c0ca,2024-02-01,8d4f5d27-2c7f-4b79-bd67-cde92834e4c0,Laptop,Electronics,1,347.01,347.01
68949b8d-00af-4b3a-a812-859a1337739e,784c2f29-9804-42a2-b07a-a066735435ea,2024-04-23,b4fb0eb9-49c1-4de7-bb42-06c5085b15fb,Jacket,Clothing,5,438.96,2194.8
743b65a2-dc0f-4fcf-b3f6-fe0d48603b32,ec856f37-3bc1-4987-aff8-754d1238d630,2024-04-12,96fc734d-a003-4d28-8a8f-3653c9af18f8,Jacket,Clothing,9,229.86,2068.74
32a447b2-ef04-457d-8dcc-c33aa9434aa0,398d1ca6-8b68-40b5-9d61-fac36cd5e859,2024-09-08,d39e198b-4400-4d5a-a88d-a71926242b40,Science Book,Books,1,101.9,101.9
2a79ea68-0f44-404f-9247-ea4e246998e8,bfbbb17f-9854-4e4e-8ebf-a5c3cae9b4a7,2024-11-16,706c5c56-49e2-423d-abd3-461691b78d8e,Jeans,Clothing,10,483.14,4831.4
4dd8eb85-b04d-4376-b7fc-97031fd5a423,45b1ed25-f153-4ae8-a70a-cc5cb321bf21,2024-07-13,1497d658-7010-4719-be69-5d0d8a3c3b5e,T-shirt,Clothing,2,318.46,636.92
6e996e3e-e3b1-47fc-8a34-50fc9918ee46,40181c6e-9a8c-4a3c-9283-aac7bc0a6a5d,2024-01-11,ac9ed156-f63f-4e41-ba9a-ca5e176132ed,Jacket,Clothing,7,322.79,2259.53
964db03f-9340-4fad-9c4a-d56bd6016237,c3c75611-ffe3-4a49-854f-92fff366bad4,2024-09-18,0a4c9f7f-9384-4c2b-84fe-acaed248a9a7,Novel,Books,7,454.78,3183.46
7872bdeb-2cd9-4cbb-819a-d58cc35b1c8c,ea83bf00-7135-4221-a6c9-537f84dad06a,2024-04-18,6f962882-95d8-4980-bf37-d19c2e76128b,Tablet,Electronics,1,368.95,368.95
f8140102-7de1-4dfe-9072-5b5ca2814044,6889803e-5913-49d3-b852-99f4175ba98d,2024-05-09,db946570-1ac7-4ec0-ab8d-deb45230dfbd,Smartwatch,Electronics,9,359.09,3231.81
b194990b-6961-429e-946e-035a292bd156,f1f8343e-a99f-4318-89c8-a43f7ed70ed7,2024-06-04,0964fbbf-8cd3-41b0-82b0-1cfdd045dd1c,Biography,Books,6,244.08,1464.48
409d3602-5084-4242-968b-1625746f7891,c5c5b37a-f85e-46a1-9dad-09b252c21221,2024-06-05,fcf56188-d32e-4dcd-83bc-9478dd6ac7b8,Science Book,Books,10,191.26,1912.6
8ae769ed-de8e-4e0b-a85c-6e4a004b6fab,300568d2-0de0-41a6-a9ca-97d2764414fd,2024-07-20,7f9d3e64-c1a6-423b-9f64-eeed5c9d927d,Tablet,Electronics,9,189.18,1702.62
0d366dfc-c28e-4d70-b129-9889a01ac992,218a1536-8c99-4894-845d-cc38341c6494,2024-12-26,b2c08394-e17f-49e1-b028-604649bc473f,Jacket,Clothing,7,363.74,2546.18
f920264c-0763-4cd0-9f15-c7b67c16128d,3d42993c-cc9f-4334-9bdf-0377a14923c2,2024-10-02,03802b70-8d03-491e-8f8d-5238288b78b5,Biography,Books,4,239.2,956.8
3985fb62-17dc-4eff-a872-13f98d605936,1d0bc9bd-e9b5-45cf-9766-5cdafe049059,2024-06-28,d50755d9-a5d0-4d53-9e12-42e3f27292b6,Jeans,Clothing,10,306.1,3061.0
b77350ca-eec2-49dc-bf95-897c276aa6ce,45ff2c83-b495-4b4e-8245-6fb44ab7706e,2024-06-10,78e3654b-faf1-4ff0-bb85-179ad5b077e0,Shoes,Clothing,1,186.74,186.74
25074181-8d1f-4540-b4ef-f5453e652603,9970cf60-ebff-4d15-b0cb-d7556232b17a,2024-07-16,dd30de89-22f2-45f2-a11b-868dbf0d073d,Headphones,Electronics,10,323.0,3230.0
ca3dd859-c5ce-499c-86b8-265911df12d7,ef2ae713-5702-4049-aa39-aaa6dabac50d,2024-11-01,00a81de9-d20f-47d0-8465-6d6b81fb18b3,Dress,Clothing,8,248.97,1991.76
d664d264-4c6e-47ff-b9de-7a3a486822b9,a8f1e091-ffb8-402d-9475-dbc996418ced,2024-07-09,89e06ab3-7250-4e18-a60a-5962dd81b7f5,Smartwatch,Electronics,8,407.18,3257.44
8d4a75b8-551a-48ea-985a-0afa7bfdcc12,749176f4-6090-4697-8b1e-3b9dc34b9fbb,2024-12-28,fb140bc3-304b-4590-9e9e-37575260001e,Biography,Books,2,177.7,355.4
620a60ac-9261-449d-bd22-5c30b28f41de,69288e92-c68a-452f-9b23-aa8c3bcabf85,2024-01-17,b489d070-7914-48a8-bea4-ff31517400f8,Cookbook,Books,6,92.02,552.12
62d60e93-6198-4d54-8fb8-7e6fe9d68f23,d21c82f8-cada-4f80-a9e7-82d4fd08b32c,2024-09-10,f6febc0e-7ecd-4baf-a6f0-5fcffb16e5db,Tablet,Electronics,4,412.95,1651.8
f72169bb-8096-4718-a051-acef097a1e10,19b17e80-dea4-4e17-94fd-9ad39716108e,2024-12-05,86a4bae4-1986-44b2-b0b7-e868d85480f0,Smartphone,Electronics,1,160.18,160.18
b8f21423-03ed-41f8-b4f9-3d17e912b4bf,a79fbfaf-def5-4689-a8f4-5bce24e75e8e,2024-02-29,f81dbaa1-c812-4a8e-b830-89301327f1bc,Shoes,Clothing,2,254.94,509.88
b15516bc-9f8d-4d97-96ab-f2f143d88870,da0d4a5f-148f-4b74-a65b-b1f265c17795,2024-05-07,889b78d5-dbfd-497e-aca2-b148da330aa1,Cookbook,Books,4,373.26,1493.04
a075e927-5110-4492-b442-7e0b61484bb3,7cea2045-c268-483e-a32f-2e63b7fddd71,2024-12-04,118405ad-9e11-42cd-8930-aef68a80068d,Dress,Clothing,7,159.79,1118.53
ebc2026f-af34-4f65-a193-c4b23c19e71d,bf2c14a0-3a3c-4a71-bf57-4e2b4991ab9b,2024-02-05,c2a79689-1933-418c-ba74-57616f18c108,Novel,Books,2,400.29,800.58
19bad7ae-df61-4a5c-b432-3070a23d4c2f,4ca9cf07-b1aa-4f6a-aa96-e1e27194eae2,2024-12-16,cbd00ef2-530a-47df-8bc6-10660769165f,Laptop,Electronics,9,259.05,2331.45
5ff595ea-5bc4-40f1-8b1a-269b0e5dd462,87fa841a-3e83-491f-a544-0fe06e417d47,2024-06-09,2e183554-cae2-4e66-ae8a-781390e0a95b,Biography,Books,2,255.41,510.82
9c07a751-1437-4509-acd1-586a2b840c67,aee1e86b-9ea5-46aa-a1ee-6c5bdeef580f,2024-04-03,24a35cf2-9549-4931-a9af-299d7f671eec,Shoes,Clothing,9,317.95,2861.55
4104a8b5-a34d-47c5-b60d-ebbb3b70b3a1,0267deb3-aab6-42c9-815d-174a75a66981,2024-12-15,49a23a89-e6b5-492c-b71a-d655cdfc6ee0,Shoes,Clothing,9,242.03,2178.27
12e89d10-2871-4733-8bed-db12ad77e82f,fcd6bdca-5876-4d09-b1fa-f665711533f3,2024-08-16,6c9f82b9-f647-4986-a391-7c994c955f6a,Travel Guide,Books,3,384.64,1153.92
d865d69a-74f3-4103-8006-6ff2b0b862ef,627b41a1-ffd6-4232-b2ff-e2944d57d880,2024-11-27,61a11729-3cb9-4350-9b4d-a0fe7bb38605,Dress,Clothing,5,388.3,1941.5
4bbe4aff-9326-4ffd-9be4-bf5192698698,059dd55d-4b94-4e30-b303-f438fe2110d0,2024-11-18,0212b554-4644-48b4-a553-867da881bfd3,Science Book,Books,9,268.07,2412.63
c73f6e1b-af90-4e3c-9d75-0e9890e0b95f,e91e314e-0c8e-49e3-b93e-08d5bea29dfe,2024-08-23,e776b886-d534-4e1d-bf29-84f5bec39a37,Tablet,Electronics,8,84.87,678.96
cc8218da-c696-45e6-8944-051be726be23,5a31b4cc-cd4b-49a9-9b68-9c883ae909fe,2024-03-26,402913ec-9ef2-493e-b0ac-7d7ba2f963a3,Jeans,Clothing,5,201.13,1005.65
c478f6f1-b88e-4318-816d-83edad81f8bd,2303f6c6-d69d-42f1-ae4c-84ffa8c01f05,2024-08-31,a5769411-a0a1-4839-a745-770418dfbc3c,Novel,Books,3,117.87,353.61
70d9c9f8-c9e2-4074-8f16-39a00a17991e,bb7bee03-5d67-4bb1-945e-f2e4088a93ec,2024-02-21,53a3dd5a-4b8c-4bdc-a8dd-5e5a1712fb16,Jeans,Clothing,4,78.9,315.6
336749b5-2cf6-4f75-aa5e-6920bf5ae7e6,e05fb8bc-8a16-406c-8958-e75e21d53971,2024-05-22,45c45a3e-e9da-484a-8075-9f1f87e5f0fe,Jacket,Clothing,9,259.67,2337.03
e9ff1cae-41c8-4a8c-aa1f-955ad499da99,f7a67b94-7b5a-411a-b1b6-4afed31edf1a,2024-11-09,56b60afc-ded2-45d0-bf1e-83664b8e63d4,Laptop,Electronics,7,225.26,1576.82
f6802cdb-77e4-40c7-9d7b-c313cde22f1c,f76c8ede-c110-4266-a408-a6dc1346d1a9,2024-03-28,aca5e2fd-b966-442a-ad23-8d36dc322c97,Novel,Books,10,221.17,2211.7
d882b5c1-f79e-4d70-a5bc-c272fadd7ea3,171e16cc-5da3-4f1b-8eac-0a33cdf974a7,2024-11-03,895ccd99-43b3-4eb4-8390-2c5d6502d6a2,Tablet,Electronics,5,389.06,1945.3
ac3e7b0d-5e5b-413d-b46c-db771fa382e8,95a5bafa-431d-429f-ac1e-86d8bfbf397b,2024-05-27,5f18e583-f0b6-483f-a377-f6f1d289f0ab,Shoes,Clothing,9,409.94,3689.46
78b2b549-3bdb-409e-acc2-16a01bbc91f7,f1738856-e25d-46eb-9e9a-9f83066803ee,2024-08-06,38ab854c-9c2e-48de-aa4e-361753f8382b,Headphones,Electronics,4,172.82,691.28
d2e82f38-a2a9-44d8-902e-fde5a5cc8bf7,4d5c55c7-b379-4b1e-a8cd-a0cc76da3ca0,2024-09-09,0b9bd934-23c8-4d30-9dde-7969688613db,T-shirt,Clothing,7,201.26,1408.82
fef518a6-4dea-4645-8986-bbebf23e323d,3c1bdacc-18e1-4331-9dba-12677e1ca5a1,2024-12-10,7421ff46-637e-4b01-a2ba-e10e899ca782,Travel Guide,Books,3,428.23,1284.69
be3e6e57-f30a-4e32-aba4-fc035efa9c5b,6b4be411-8a4a-4e2d-b22b-5b98b24cc64f,2024-08-16,e2aa7a5d-278e-400d-ba02-66efbe055787,Smartwatch,Electronics,9,62.13,559.17
d56ce8ea-1959-4b5a-a7a8-f6366a35df59,f065c817-687a-4850-9d9b-62317d45d8ef,2024-04-18,379efc6e-5edb-4d3c-b0b6-3bcf08601833,Shoes,Clothing,10,348.35,3483.5
3c71e0be-f357-4560-b1d7-966571818dcf,fb1e143b-196f-4dfa-9cd8-fe1adafec8a9,2024-09-23,fa53e34d-e6d5-401d-8b62-1d415e09a9ee,Headphones,Electronics,3,440.08,1320.24
65ec7acd-0f80-45f5-9bd2-0c98a5135ea0,1f45dbfd-f7dc-47e0-b097-4b2b46a02a9b,2024-11-25,a9ab364a-1777-48cb-b468-5b98d2fe2fde,Smartphone,Electronics,5,220.6,1103.0
98de8ebb-a3b5-4ece-a446-be72364c911a,c96b5edb-0cf2-469b-8577-aea9f8999246,2024-05-09,c9776598-203c-4c25-bd23-5def3e5a87e3,Headphones,Electronics,6,201.88,1211.28
d46ef104-1190-4f50-b488-5a4690882eaf,961d33ba-3508-43f0-8de0-8fc2c3e15a85,2024-03-24,541c7a86-3ba5-4d2f-9ea4-5c19d0243d72,Jacket,Clothing,7,163.52,1144.64
e68933a9-c9e4-4e8c-a5c6-1c45c63d04ee,dbc080fd-46fb-4bf3-80b9-d4a3989240ac,2024-02-26,402adf9c-8a4b-4f7c-a147-2a15fcce96f6,Headphones,Electronics,1,387.06,387.06
a93b12cd-1c24-420e-acab-d7e7cc6b66e5,03cde2e3-21bd-4b41-8699-8731ddcf8766,2024-05-19,96bf10ab-3ce9-45e7-89d6-a63bca3c6f5f,Tablet,Electronics,4,342.56,1370.24
43ef2016-2c9b-462e-840a-3aae52e2afd9,6bc4123e-bde1-4c1b-a073-3f6d0d6a05b3,2024-07-23,79eb4168-1045-46e5-bee3-eb791d181ee9,Novel,Books,1,477.33,477.33
83639007-5cae-4610-872c-1fe372c22a16,80fb9296-73b6-409b-9bea-f6ac97fa7f04,2024-03-27,ba2c98ce-0b19-488e-9d77-a45ef206c269,Smartphone,Electronics,10,118.57,1185.7
a8addf36-ddf2-45eb-a8a3-f341c8819065,a4b1f991-7542-4646-8d37-a539857dd3b3,2024-01-13,d8e88ebb-7a9e-4eef-bfa3-61be0f9240e1,Headphones,Electronics,2,303.79,607.58
1ba362e7-afa4-45e5-ad20-449666d06371,718d4d05-e8e2-4743-b65f-eea97d824264,2024-01-29,9bb96155-5275-4b94-94ae-af5ce63658c9,Headphones,Electronics,5,395.1,1975.5
466772ce-204e-478c-90d0-8d1125f934bf,8c611654-95da-45c1-a211-50f99fd34579,2024-10-03,98eeac2b-fe9f-4caa-a182-f347533f5a72,Smartwatch,Electronics,10,483.68,4836.8
816bcb9f-7426-4193-8b7e-6b3c87d292a6,cb08587d-1963-426d-ae21-8b099afd4015,2024-09-29,a6a27967-a79b-44b6-9a50-9fed1d4a3d81,Novel,Books,3,484.12,1452.36
b888f6ed-8d24-4e3e-84da-bddbe0b15aba,73991a47-6e19-4042-b70b-c063dd90e79e,2024-12-10,d3d1bf0f-56c4-48e4-a9ef-afb13a7e8e14,Smartwatch,Electronics,1,468.0,468.0
bac7e2b9-6a7e-4c36-a613-2e6974188109,50018b7b-6d40-47f4-9003-2b3518578baf,2024-09-15,2713582c-f41e-43ac-9fd2-31094140752c,Travel Guide,Books,7,473.66,3315.62
112fa612-7969-4ed2-ac48-bf55afd380c4,17dded81-15da-405c-94ef-00aa175a81ec,2024-06-16,5f65c8ce-bd21-4c11-be9d-61ee18b87245,Smartphone,Electronics,10,360.78,3607.8
0f5ae9d3-8e6e-4003-a14f-3f12cfd01cbd,8fca7b6a-8fc4-4092-b4e5-59e596229348,2024-05-08,5a856750-692a-4139-9f4a-8ca1ab85fd59,Biography,Books,2,363.74,727.48
c012a0ff-f0ed-4303-aa53-c19cdfa4bb9f,b8976ec5-ea74-4b18-9e3b-496f6c4596f6,2024-01-20,4ffca6b1-99b4-49d4-89a2-14aef7e8f8e5,Shoes,Clothing,2,408.3,816.6
81e5c9f6-93f2-47cc-9a85-910d5a057c11,7b70c3b8-a81f-4ec3-a79c-658a36760ce5,2024-03-28,d86a6460-59a1-420e-9bb4-3332d8e7012f,Novel,Books,6,289.74,1738.44
c33a1f6c-1d69-4fba-9e18-7b248e676a01,cea60f4c-39e5-4ff0-92f8-37d447503f1d,2024-06-15,c4767556-f97b-42dd-8f9b-72aed85c16bd,Science Book,Books,2,277.68,555.36
accb461a-9d13-4363-9f29-4a8bd1846c39,9be71737-06b8-4231-8e86-7f3ca487eeab,2024-12-26,44777442-b187-43e6-9457-8ad9a867a096,T-shirt,Clothing,7,420.05,2940.35
b3e4110a-45f5-4c52-ae2f-bf77076979d6,56febfb9-ebe9-4207-8f19-9ec0c32d4526,2024-05-16,24ac2130-deaf-428d-ae70-983801902620,Headphones,Electronics,6,336.01,2016.06
11d059b2-6699-4d99-a847-bce790fa6b57,f8c88fae-a217-4f84-bdb0-25ff2451e5a4,2024-01-12,3712f2d1-87cd-46a1-bf01-2e32177d6e7e,Jeans,Clothing,7,129.26,904.82
5744f596-7422-4167-ab7a-2460604e46cb,b8ba8368-4fc7-4768-9ebb-cca5284bf962,2024-05-05,98a21f1c-914d-4fae-b100-13a7c6deb2f0,Science Book,Books,10,413.69,4136.9
27d415b6-0d77-45a0-a222-b6a615bfbe97,0cbd3c03-9e2a-44ac-8122-b5b3284c03d2,2024-09-18,a974d079-716f-4a0a-85a8-882914e286e5,Travel Guide,Books,8,246.01,1968.08
7129cec7-9b69-454d-bc54-535f6c8c3b6a,c143f426-372f-471a-85ee-432d6a07f213,2024-07-17,1c6345ab-6e0e-41e8-985d-3f861d2324e6,Cookbook,Books,5,195.04,975.2
97d7a560-adb1-4670-ad9f-b00d4882d73c,4ef492c1-aac9-4316-86e5-27537c93f6cc,2024-01-18,996d5c50-fc04-4168-a52f-fb493873e57f,Smartphone,Electronics,5,446.73,2233.65
4d29d1ab-3455-42f7-81f7-c7ec0e0630cd,2321d1e1-c471-44c0-b613-6e15f200c261,2024-10-23,1eb74b56-53ff-43a2-8a19-35014169b9fc,Headphones,Electronics,10,324.65,3246.5
6e3f683a-bf3c-4140-bf54-a51101fa964e,88575117-6155-4667-a112-507c2cfa55b0,2024-09-30,d556b37d-8f08-41ee-8011-316b3ae88926,Jacket,Clothing,1,272.44,272.44
12738a23-5aaa-432f-8e63-22b6ab05347f,0ad45230-bdf6-4ba5-9c9c-96de65a674c2,2024-06-18,13eecdc6-ebd1-4d2c-b5b2-745504cc3ede,Jeans,Clothing,8,145.45,1163.6
6de59332-9364-43d0-9024-bdc6dcb33df3,a3e05309-b5a1-4949-a788-420992ca525a,2024-06-11,0556daea-67b0-4283-9d7c-00984a1dab32,Jacket,Clothing,5,446.14,2230.7
cd2372c2-2bff-417b-9324-01fcf758dce2,d4ffa666-75c8-490d-9e3d-750df296d9f0,2024-09-24,6fcc57dd-168f-4e12-9ca2-60c9eb7607c9,Science Book,Books,9,54.57,491.13
6f887f28-3e49-4d09-9b19-d8b8d8302081,1422373f-8622-48d1-a683-e10796c044d0,2024-06-02,56ea57b3-beed-40b6-8f6e-274bdedab027,Smartphone,Electronics,4,374.03,1496.12
2b0abedd-c774-44cb-9543-fc3c38b8f24e,1d30d990-a21b-4307-82af-085c138d994c,2024-07-25,c6b6e4ad-e7ea-4d5a-b1a3-ac4d828c37e7,Shoes,Clothing,4,360.77,1443.08
f54e2019-ba35-444e-99e1-ac095970a859,25cf0041-d0a6-43fe-a53b-c024d1a69d87,2024-04-01,328067a1-4187-422b-a57d-5e521a5165ca,Travel Guide,Books,8,406.82,3254.56
c29d782b-2722-496e-9a36-d1ec2c6a6e9a,2d5972c6-134a-4a2f-a7cf-705cc257cf73,2024-10-27,c1235c91-76c5-40dc-be7e-7419a0c14035,Tablet,Electronics,4,231.98,927.92
72eb7474-9458-454e-8287-4f069050f7ef,9082889b-e1cd-487f-ac95-5f87ae5ec365,2024-09-06,52bdc661-9fe0-48c7-bc8d-5b93a2a2e91f,Tablet,Electronics,10,216.06,2160.6
50ee7a92-a091-41e0-b891-b0c3dd3f487e,780b3657-117b-455b-b094-4bdb26a524e3,2024-06-20,46510367-cbdc-4318-8d85-a3d2a1a27485,Cookbook,Books,6,241.48,1448.88
81e0d489-5a18-42a3-8e61-4bcd97674900,73b0a091-7634-4169-8f76-e38812fe28bf,2024-01-15,497de16d-d4ea-420a-9e65-96540e9058b6,Cookbook,Books,6,208.31,1249.86
fa34d2e8-dd3f-4d7e-a508-dc9513a4a492,98159d6c-9d71-4084-971d-abf9daf481a7,2024-07-15,8de7ad6c-9490-47c2-b674-456f626d719d,Jacket,Clothing,5,163.13,815.65
e5582e16-bd29-4de9-8ab4-923bf4488385,cf501889-e8b7-4f7b-b321-bf6b0a8076ec,2024-08-10,9ae1a991-524f-43ff-b030-7633a6ded1d8,Laptop,Electronics,6,103.8,622.8
f52d4af2-269e-44c9-8059-9b9379c2d2e4,cf9b8558-1a7f-495b-b355-7b9d0fd6f47e,2024-12-15,b6dd6257-fb7d-4f1c-97eb-89b1d65e59dd,Biography,Books,4,147.37,589.48
2c2cd22b-a568-45c6-812a-1f9b15969802,7010ed13-b526-422d-bf6c-21f70a0537f0,2024-06-19,28a39779-9c1c-4517-85d2-d0a686295b5d,Jacket,Clothing,10,489.47,4894.7
486bb6bf-eafd-47d9-9f73-3a3e5d286aa4,569f3ab3-c643-4300-a8a5-1c68632dbb5e,2024-09-20,a181c85e-ca0a-46ac-8d67-d38e990f0c5b,Cookbook,Books,5,491.23,2456.15
54669d19-10df-4974-95ab-946da5b5cdc2,62f5df2b-adaa-44ca-8ed6-ad5e18318aa3,2024-04-20,a8149562-da00-4f16-b946-9bcf4082cbb9,Tablet,Electronics,4,212.4,849.6
df8f4197-9a4a-49b2-a806-133cf6e39356,952e6abb-14dd-4061-9557-36f8267eddce,2024-09-14,4f6b58c8-598d-4aec-aaaf-e5432434a678,T-shirt,Clothing,9,106.96,962.64
a981b098-b2cf-452d-a7f3-33b3f7baf55e,b576255e-9854-4f22-a102-f9c964575bc4,2024-12-30,606e0e1c-8f15-4449-8f40-c22f15b02530,Smartphone,Electronics,9,181.46,1633.14
d02ce0c1-5417-4a17-8aaa-5bbea4bbf962,d436a7a8-b3ec-4951-ab8c-bf9720b71785,2024-10-13,86c1b6cb-e996-40f7-af77-520eff4625af,Headphones,Electronics,2,442.72,885.44
6c645c15-aba3-41cb-a561-e1e917ec889c,5cd33369-04aa-41b7-9ca0-c428822c4d32,2024-04-29,577bc55a-36d5-4494-b37f-d50d2e25b5ee,Science Book,Books,8,265.42,2123.36
31274148-7c7c-404e-8422-d03ef29a6339,27aa7cbc-2337-4bbc-bffe-77c839feb99c,2024-01-30,19e45c6a-c9c2-4e69-982c-75654bb907ec,Jeans,Clothing,1,163.62,163.62
d5ca69ab-8a2e-4a93-8558-0bb281f7f3fb,09a9d1c1-86ca-46f4-a238-fe93bd17c5e8,2024-09-14,9e374f7a-c42c-4c39-a05b-46c556363094,T-shirt,Clothing,2,230.32,460.64
277d1be9-6070-46a1-98e5-2499218c6e1c,b15e54f6-d4d3-4795-ae4b-ebc429890880,2024-10-26,2a60c652-e714-4668-8f1d-7d3a9feefdff,Smartwatch,Electronics,1,118.28,118.28
692e07b6-0b2f-4d5c-b00b-5d5fb89f72f3,3ccec76c-b836-4448-ad26-1ec55d42b9e9,2024-06-21,bfa016c2-c09c-4506-88f1-096d9c4ffb46,Science Book,Books,2,497.26,994.52
88b4f474-3be7-4df4-b2ec-f16ec8a723e9,cf01f944-f731-4749-8f39-49a83d3a2582,2024-10-31,31ab0b56-d5c9-4dc7-a76a-dca978116802,Smartwatch,Electronics,7,322.84,2259.88
92070158-f277-4f63-ada5-84175e2ad32d,c4f9eccd-7630-48a7-b0ca-fdd8fc043f08,2024-04-19,87079ad4-80be-4e35-a1c2-645ac7332304,Biography,Books,9,221.17,1990.53
d11fc8c0-297c-44ff-b75d-599f6b2d5b09,236e1608-9acb-494a-8d1f-5318331f63fb,2024-12-05,7b07fd31-a424-4f23-8d5b-a7cd400035f0,Jacket,Clothing,10,495.51,4955.1
ef2ddcc4-8df6-41da-9f07-c1a5dfc620ce,8412a335-d88c-456d-b61e-5fdb1a435206,2024-11-26,c35b9fea-1578-4709-88f9-e3d01feae1e0,Shoes,Clothing,10,77.1,771.0
e7c225da-7306-4588-85d5-a68d290a3abb,6ffe33b3-d4bf-4a4b-a5b8-a42f836b15c7,2024-02-05,d11376e0-38d7-4b9a-a916-da57f24823ab,Novel,Books,4,331.48,1325.92
ee33688d-597e-4845-a277-18c5737d1fb6,657e01c9-0da2-4e5c-aa36-af1806d3db93,2024-07-13,fe9936a3-62db-4850-bc5b-f3a75fbbf0b1,T-shirt,Clothing,3,157.94,473.82
07374c86-397b-4f51-9ffa-46ef14e4180c,d6d441cc-195d-42f8-ae4a-9b5d519554e3,2024-10-04,25637cc3-ca97-4bf5-95d5-96afa663d2cd,Novel,Books,3,51.2,153.6
eada79a3-4970-4d9a-89ce-3cfb2339ba19,d4c3a832-b231-460b-b8f2-ce6bd46b415d,2024-02-23,72d78bdd-7817-49ff-b49e-04ccc24369e7,Shoes,Clothing,8,181.07,1448.56
144823f7-e7e6-46c7-8158-24639d8776a0,d5c0244d-3735-462d-8184-3b0304dd7054,2024-02-28,9bdf90f2-ba2c-4f19-b0b2-a5d18c7e6f42,Tablet,Electronics,5,366.34,1831.7
c6b33fe6-1c76-4df6-ac5a-6c93871c0884,1f317405-4d18-4eba-bcd5-fd7f49c10669,2024-01-19,cb3cf8ca-a392-4731-ab79-afcc3d0a5f0c,T-shirt,Clothing,4,465.76,1863.04
1c612ec2-1014-4131-b505-65f59f708368,98c3e3ca-7ff4-4ec6-a7b7-b4c6d6312a80,2024-07-27,93364f7e-83ef-49f3-a1c7-cc8a04351b64,Cookbook,Books,4,241.31,965.24
4a90cd0c-24c1-43b9-b7f2-85723defa849,5a5226e6-9d64-4932-8066-853d6de299a1,2024-04-03,aa143cd8-2ff3-4de4-aaa4-2c9f92170475,Biography,Books,3,458.79,1376.37
f982f4e0-8603-456a-95ea-cbcfab1021ce,86abd4e7-f412-4360-9153-6e995c508720,2024-07-30,81f38dd4-fd03-4ada-8952-518581e03a5e,Smartphone,Electronics,1,124.67,124.67
df92a621-63f4-469d-8534-a1018ddce719,630aa767-a2bb-422b-8b25-1279785ac5d0,2024-05-24,5b6a8102-0428-4378-bf50-23f440ef3935,Shoes,Clothing,10,464.54,4645.4
3dba6da8-5844-49fc-914b-9547c9dc72b8,1a89b71e-a0d5-42c8-a837-fe68bba205ca,2024-10-26,551ff086-c1b5-45ca-bc35-36df94f79dba,T-shirt,Clothing,8,359.91,2879.28
8bc78e81-5a30-4528-8b59-95622227219f,2cd2a404-a48e-40f1-9042-1dfa56ab087a,2024-11-18,fb16f757-76f1-46ab-af47-5b49c775e395,Travel Guide,Books,5,275.21,1376.05
2ea9c542-a1b9-40d0-ba81-04deb20507bb,b74eba93-1027-4b53-a285-b2efcfbe4fe9,2024-10-28,4b1f0d7b-0977-4513-b52a-7d25f1901b7e,Dress,Clothing,2,319.12,638.24
33107475-ca86-4225-8b36-e356339b77a8,eef16694-50ca-432d-8aba-590ee2c328aa,2024-04-30,d0be73ee-fd37-4539-a5f2-02f983f02dc7,Jacket,Clothing,10,162.67,1626.7
095ffa81-40d9-4bce-b930-ba208b040f49,493e904d-30ec-4796-a59b-457fc0d7ac73,2024-05-18,dda4f4a7-0c3c-4284-87e5-3bbbdcb51c53,Laptop,Electronics,10,314.21,3142.1
1fdd980a-45f1-4619-94f9-0429a7de02cc,e3b56360-6fdc-4bad-9e36-8127cca1b45c,2024-06-04,f4dbca07-e506-4670-b092-947dbe4969ec,Tablet,Electronics,10,68.1,681.0
2fd340c0-f945-42fd-96cb-1ab062fb26d7,5e0a72ab-7f5d-4163-b12b-66807f072cb9,2024-12-24,cd180a82-4447-4eab-84ef-4324cc1b4157,Headphones,Electronics,9,343.18,3088.62
14348f62-6cac-428c-ba22-006515260718,d284f54e-febe-40db-9a3a-61036e3c4532,2024-03-11,1a43db54-523a-4993-8b34-46bc8ba435cc,Jeans,Clothing,10,246.15,2461.5
4baf0f5e-a932-4094-93f2-8f11147f6570,b7b8c1a5-9a45-493d-b227-890e4e76833a,2024-06-14,59fefbbc-71a3-4ad2-b094-6d2a2aa93b43,T-shirt,Clothing,8,206.58,1652.64
debac186-ba10-4217-8ad7-c9a2727716ec,ff86cc31-9d66-4815-9a41-53b3e95f176c,2024-06-17,ca9e4a62-fae3-414b-a3b4-42bd46494296,Jacket,Clothing,2,435.98,871.96
abd2b512-1335-45db-8eaf-04b5f2a9dc8a,83599af6-5d01-455f-a7fd-64c4a334058a,2024-11-07,f3ea0184-28f4-43ce-aded-da80bff9507d,Dress,Clothing,8,179.7,1437.6
9b89e5cb-d942-444c-a48d-31ec07f8d4f0,08e895d7-702c-4821-8804-0fb7ad973b67,2024-02-19,a52964ff-c74c-4890-bc6a-3174113634a5,Shoes,Clothing,1,254.67,254.67
f31046dc-6202-4ee6-9cb5-e69c5dc7b3e6,2747b93c-9ae7-4eab-884a-67809136f1f8,2024-09-20,5f3c44dc-5ef7-47b8-b2e6-195f732e2016,Jacket,Clothing,6,102.16,612.96
92ec89af-13ae-4376-8359-810a71a6014c,65e58f34-5df0-4e8c-878a-aed9233ffc82,2024-05-02,f5e4a471-3fe6-4c9c-8758-367ba6499cdc,Shoes,Clothing,1,345.95,345.95
2fa0d842-bc55-400b-86a2-41af1d0af7f7,e9ddebf5-6311-4aca-848a-f4407fc15858,2024-08-06,42a259a6-c664-4285-8303-cbc11e2595b8,Travel Guide,Books,7,74.39,520.73
ff11c8ba-36ee-4640-b23e-f466b43bd27f,ea9e5c8d-b1a8-471f-891b-90e99ca3fbb3,2024-07-09,da52d2ee-22bf-48f5-9f65-2a87333ee344,Science Book,Books,10,390.4,3904.0
e60fd420-2c33-450c-b3b9-11d812f5131a,1679742f-ff4c-46d6-b1f2-ce8fb69f68c3,2024-11-10,fc902838-d874-4408-b7b2-17c7ae92ea71,Travel Guide,Books,1,141.6,141.6
b5a47200-58f0-4d23-aaf7-8c6751d08109,4a552ea0-8acb-4e09-8ccc-9cea109fd8ee,2024-12-12,b6391f04-2852-4385-99f2-dd0d4cc9f5f2,Biography,Books,5,247.15,1235.75
a3404f08-b341-41b8-ad65-22b4b5a5f8e6,823dd107-5c8a-4066-8b2f-afa32c913a7c,2024-03-28,cac4d0eb-3373-430e-bc31-a5971f119c0f,Travel Guide,Books,2,62.99,125.98
7e7838c9-ca55-438b-bc9a-be10238d6f44,9280c5aa-8dd4-495b-9c63-b6f306ba8cd3,2024-05-23,8d38bbd8-fba6-4bf7-8dbc-c65377a7e8b7,Cookbook,Books,4,369.4,1477.6
161237c9-e25d-49a8-9ca8-a5c42138afe0,ffe575f6-65ed-4fe3-8f2d-ad3f10d4de39,2024-10-05,6929de73-8693-4d9d-ba89-cbebb807d78a,Shoes,Clothing,1,298.51,298.51
932cae01-d2c6-4ee4-a8d0-a2a8c4e7f7dd,5128b9b1-f8ed-40ca-a015-6a7212e153a6,2024-09-06,ae1b9f69-7740-4831-b331-874912fc7a87,Laptop,Electronics,2,257.65,515.3
e0c1ff1e-20da-4972-9832-1ee48471b4b0,a3c988e4-8d22-48e6-87bf-4fbcd43cdd6d,2024-08-16,21084dd9-f75d-4e3c-848d-56502e9522d6,Laptop,Electronics,8,469.69,3757.52
de431e06-e924-4069-80bb-ae526ec01269,84a2576c-1fc9-45f8-94d6-07350e2f8958,2024-02-29,5299e505-2976-4ab2-aa26-f7704ddb1b36,Shoes,Clothing,5,236.97,1184.85
5894f7f1-39b8-4bb2-b596-ca7cef4afa88,e519dd7e-84d6-4c4f-b0df-1684f28e4122,2024-04-20,3240d7a1-4027-4b7d-9430-29a9d88f1c94,Dress,Clothing,4,255.55,1022.2
46426c45-8d03-417a-b4d3-75c1a29319fa,9d4b2bf9-4d85-49c7-a001-7720200b2903,2024-07-26,2b2bb8e9-a417-4093-80a8-a23d17eaec83,Headphones,Electronics,4,464.84,1859.36
27794685-94a5-4fde-b10d-27c89780c215,b87b6384-9fdd-4e2e-a8a2-b7ad2bd3cdcd,2024-12-16,ec86a890-d7b0-4bdc-966e-3cbe9aea622f,Biography,Books,2,174.31,348.62
dd20c3bf-d342-4f08-8a8b-b5b490494583,f2d3f761-0ba3-4279-94cb-056407437c3b,2024-09-06,a6b07458-43c0-4d43-93a7-4792c561b8dc,Jacket,Clothing,9,170.23,1532.07
6aa56e6d-9277-4574-8457-6cc335f789bc,7f7f6c0a-07c0-4116-a394-ed549e3c5a88,2024-12-11,a4540937-4a27-4bf2-8baa-f744a08dd21b,Tablet,Electronics,5,426.86,2134.3
3eb05181-7ba2-4588-8d56-0a3df4e7069a,67f5ae02-af5b-4f47-8eae-71cfce000af0,2024-04-25,0f5675f8-b048-4aa1-92ae-5c22741b77f5,Travel Guide,Books,3,250.95,752.85
7bf7e1d3-6a66-4fce-b089-fc6d2877f5d9,9b4e164b-5716-4c2e-b43a-da2a76e5ae78,2024-02-25,51beb80e-b7e6-414c-9c8a-49225005680f,Jacket,Clothing,6,298.36,1790.16
586a346a-dc5b-47d1-bcef-1972bbf483ce,c2baf0e0-2179-43f0-a612-4ab4f9b21e6e,2024-05-23,51b1943c-1b2e-4edb-8fc8-5fc083d5bceb,Travel Guide,Books,8,469.78,3758.24
44790612-1f5d-488f-b76a-bf093de28859,18c8a616-2410-4e9a-bf77-9cae7318b96d,2024-01-20,dd39d793-6257-44a2-b204-be894a4b5563,Laptop,Electronics,10,222.34,2223.4
f6729464-3f8e-440a-ab0a-e0e39d896047,d0401587-28e2-43bc-a6fd-d7afdd84cacc,2024-05-07,500e15c0-b89b-4f7f-93e3-4c35ef0a573d,T-shirt,Clothing,6,385.12,2310.72
7f8e5483-28ca-4a1d-835b-ec2c3098f7b2,7faeb748-7781-421e-83c5-01cbfef7d9ea,2024-12-07,170d7507-05ee-41d4-bf53-a88e4efc8248,Travel Guide,Books,7,494.79,3463.53
750d112e-8164-4eec-a4ab-851bf1fac6e7,95560a2d-3713-4466-bda0-6476f778c676,2024-05-17,7eb162f1-4806-4804-8cf0-374c0c74dc0f,Biography,Books,8,484.17,3873.36
a77d95f1-d7c4-4e9c-a1e0-fffc98f6fd7f,896490ab-4926-4e5f-b878-6140ac2a4f71,2024-01-04,22498f66-6e51-484d-9b84-edc3d8e049de,Smartwatch,Electronics,10,199.4,1994.0
5da39a73-ba3d-47ff-83b4-7ee5e1e89e7e,0b95017c-5dae-4201-a73b-a8bdc38c1dec,2024-06-04,31d4ee09-8fd3-4afc-91fd-fa4f0d18ab95,Headphones,Electronics,2,286.68,573.36
12d2fa06-49e1-4d13-8da0-04955cce5ba9,c3affcfe-734a-4ca3-8116-e3fc62e7c1a6,2024-08-01,9f8cc29f-fd35-4c5f-9347-9a3b479bc637,T-shirt,Clothing,3,234.49,703.47
20f0156a-1e6a-4628-9c6d-52d5ae2e9af9,5f89ed12-64d6-4fbf-98c0-1e2bf99f0704,2024-11-04,f05eeefe-8ece-4128-96ce-4b42fc9e1dcb,Biography,Books,2,261.27,522.54
32f57510-24ee-44a6-8145-65c75d986115,80051b10-66c1-4dca-8255-da619a3b0319,2024-01-16,b6adf48b-2314-40c8-89f6-44050b990034,Jacket,Clothing,10,361.72,3617.2
84f2fd0f-7947-4bfa-8dd0-b4d4554227de,e4a4474c-9b33-43a4-a620-f9a974fd33d1,2024-07-19,9cf20859-ee6e-4e72-93f5-91dc23c8afdb,Novel,Books,6,433.55,2601.3
fd98fe33-6498-4be9-a999-bbef518b2f21,4c9a9f24-d7b4-4294-bd44-089d9dd2f9de,2024-08-18,827c9f8c-d40a-45e9-81df-6517561c9210,Travel Guide,Books,6,332.06,1992.36
901bcdef-b56f-48ce-bd66-971e88476c56,044251db-d0d4-4a67-b992-8faa4cbf131d,2024-05-23,fada98f5-1c0f-4bdc-ac7e-937c54cc1e2a,Shoes,Clothing,1,327.86,327.86
cbf81f86-4ec3-4970-956d-80e46aa26216,b023a0ea-df41-4335-b9ae-d8e4e61599c8,2024-09-01,43f9cd6b-797e-4e87-98cf-118806d25913,Tablet,Electronics,4,386.04,1544.16
f8d8b7f1-c86c-4544-a7d4-cf50f791f1e5,3a4045dd-93df-4907-9416-e4dcc6b28def,2024-10-07,2ba6adb3-7afe-4114-9561-c8130d259caa,T-shirt,Clothing,2,249.66,499.32
9ea7017c-b89f-4039-a107-cc4686341718,25d4a0fc-6154-4765-9756-ba9cc64c9647,2024-11-15,9293f705-0815-4147-be00-980eae441e21,Science Book,Books,1,70.7,70.7
30d73df7-1c22-4cea-b355-56a5f2bd92f2,6b352f85-504e-4687-b0e7-e75604d9145e,2024-02-28,690e7e62-3432-4ec6-b0c4-a01c69b7c0fa,Tablet,Electronics,6,218.68,1312.08
eba742d2-9c89-4374-8664-95a780773e33,bc5fd4dd-d92f-4c1e-9f70-fb2a78bb22a5,2024-10-09,84c86c46-2359-4fa4-b4ad-af890ff1aa9f,Laptop,Electronics,9,235.42,2118.78
ff84faef-5336-423b-8f96-468535145890,607796a3-8685-4baa-ba76-8555a987b218,2024-05-01,e980f808-75ac-424c-ac55-aef7f4e95734,Biography,Books,3,128.78,386.34
5ab28d4a-8bd8-4fcd-97a2-be4e887b03e5,b88e830f-de1e-494a-85a1-1f5cad05b912,2024-09-21,43ad3d62-b17c-4b21-8dbc-2c1ca4afe7bd,Travel Guide,Books,10,357.41,3574.1
f5141058-3138-4975-bbf3-3a349c2dfa97,4c6a70f4-8ede-444d-876c-f68c3f1be0d0,2024-03-28,4c3077c4-fb75-4923-b910-abb3f1053252,Shoes,Clothing,3,154.48,463.44
35102852-b474-4349-89fc-2cd8c56bad4c,5129950d-7d2f-4e58-b47a-1c5bb0b39015,2024-07-05,ef3a6f27-ef06-4ccb-8f7c-1d59594b2a3a,Science Book,Books,8,164.9,1319.2
49ac9087-4601-4028-b8be-ff3dcb9faf6d,8b0e8eb1-ad37-4d9e-92cf-60211f33242d,2024-05-27,d1812f77-6500-4423-baeb-cd19e5508ea2,Headphones,Electronics,5,354.92,1774.6
cdfb4db9-c5e7-4b23-b461-3f09585abefb,49a22441-0ac4-4e85-8a5b-1aff257f7595,2024-10-04,713f8f8c-ec8b-4537-98ab-4778143b45e3,Smartphone,Electronics,8,475.36,3802.88
7aa4f052-bf51-4362-81a6-4feda7edc8d8,89e03e22-d3f4-449b-b3ba-ba8836c7d6fa,2024-04-15,4588fc1b-b238-4849-8fe0-69b6eedaa802,Science Book,Books,7,360.64,2524.48
bdab07e7-9d9d-428e-9bf6-45f623245211,0cfef683-3e11-4afe-bd41-96fe963a8617,2024-09-17,a35055e4-39c5-4df9-87f2-55d6e7ba26ac,Jacket,Clothing,4,499.72,1998.88
69ce1e4e-19a6-42c9-8d70-0ea43b9b2d45,19bd4f93-78ef-4666-b7a4-c719548e1f6b,2024-09-21,f6eab3a0-0153-4221-a331-0a28c550eca8,T-shirt,Clothing,4,221.61,886.44
286ed390-edd9-4a1a-ba58-5b278ce3e7c3,e1721c83-ef5e-4376-a723-fb72682b163a,2024-12-07,330f8be1-a689-4424-ba3a-10e179c773a0,Shoes,Clothing,5,496.71,2483.55
52380bf2-4988-4418-b6c3-1218c1836315,e86e8e63-0f25-477d-a559-90e74910fade,2024-10-25,3b72c86d-92fa-475f-a6fd-0cb116e6e5c0,T-shirt,Clothing,7,173.52,1214.64
d9af6e09-b91e-4d6e-bd1a-8f4b88ffbd40,ebe5841f-e9c9-4c52-898c-60b3efc9909e,2024-03-08,2d007d05-d66d-4627-a1da-ce6a6afa828c,Novel,Books,10,385.33,3853.3
ff46a6bf-094d-416d-ab6d-2fedef158d5b,7ed17aab-c9b7-49bc-a5a1-6fa9d61169a1,2024-03-13,df4e713e-f64e-4dfc-bfbe-ac7aefc59738,Jeans,Clothing,10,410.87,4108.7
0997623a-e072-4d96-8a1a-81f5ed10f004,9a4ffc0c-9165-42ed-8c63-6e95025f5543,2024-02-11,48d90846-55c5-41fc-bba5-7cc8edaf3766,Laptop,Electronics,10,162.78,1627.8
8b15bd94-a42d-4cd7-bd35-9f6a74503887,f0458043-e3a6-4a70-be71-0b558639bd41,2024-02-22,45d8a6ad-77d0-459e-8114-14f8d9df0d0e,Biography,Books,2,456.53,913.06
54a7b69b-1cd6-4b09-8f0e-6d2b315c167a,a5f60735-757b-4b29-bb2a-a1462999394c,2024-04-09,bc92fd81-039b-458c-afaa-be0bb7f60cdf,Novel,Books,5,404.87,2024.35
915a1c30-4b86-45a1-8a6f-bff8564cfbd2,2ced3c0d-3173-44b5-81dd-484aaca58d95,2024-08-25,67ce378f-e5a4-483b-a383-889adb2c6ac8,Smartwatch,Electronics,6,379.56,2277.36
53f30073-83e9-4ef4-ad7d-f5d0d3b59af7,186b2880-ab54-4a15-a69d-01ff1634725b,2024-03-12,52d78f10-7a3a-4e96-a3ff-23d3fb4fb88a,Tablet,Electronics,6,386.37,2318.22
42c2d2eb-01bf-4e73-bf80-0385ef9240b6,c0f63229-725d-4259-bc4b-1eec6231ee73,2024-04-13,951c25d5-4d4c-4280-9462-52e7f43ba052,Laptop,Electronics,3,403.93,1211.79
42f525b9-02ed-43ce-92a8-1713b90ed44b,3c7e5368-b159-4847-9c0b-9b10a757cb10,2024-01-25,4e8adc4b-7724-4041-9e43-fbd2aaf407f7,Shoes,Clothing,9,461.07,4149.63
80a52e65-afa2-4559-a7c9-620428e333b6,b41c504f-e346-4415-a526-7a2bec50ace4,2024-10-25,a38295d3-1e0e-4546-b0b6-dedf4f9c4027,Tablet,Electronics,8,485.32,3882.56
5e175b66-4b87-459f-b0cd-7f05ea87855e,f5159494-3818-4fd3-b889-936a9d5817e8,2024-02-21,bf6b8cdf-7479-4b61-a737-2b527a6a2107,Jacket,Clothing,2,260.75,521.5
6a74dbb7-5fa5-40aa-9b11-b530fd247c11,78883058-e9ad-4e9b-8c9a-a1e9b3b26337,2024-10-21,d35ac07a-aa02-47d0-8d4f-8b2b899ac252,Laptop,Electronics,4,437.06,1748.24
ae2ae341-3f59-44f2-8309-3b6e37e9d2e2,c9912032-df85-4777-9887-4bfec1369c65,2024-02-01,b42a0456-8736-4a84-b25e-134d86879aa9,Travel Guide,Books,9,214.6,1931.4
906d5c8c-ead0-4c89-93fe-8a295c9deee0,8c32bdb2-d42a-495e-8fcf-601f1cb9b73a,2024-12-16,89628f6e-929c-43b3-b3c0-8bf18167999f,T-shirt,Clothing,5,291.46,1457.3
dabf984e-53ff-4461-aa1f-1b61265cb9d9,ae27d432-1dc1-47eb-b11c-767385351a69,2024-03-20,1747f387-7d23-4479-9549-2a82b787ef8d,Jacket,Clothing,5,313.05,1565.25
cf0671c7-720b-474b-82a7-f586e61d9cde,836435e3-21c7-4aa3-b414-23b50e3e25f2,2024-06-10,8f0d5540-0ec7-4662-905c-7bdd74f0beae,Science Book,Books,2,353.68,707.36
4ee4334e-ce92-4136-ac3a-812f765e6cb5,41241bb4-655c-4508-8592-bfa5b928e23f,2024-11-13,940c3503-37c8-4152-beed-0af900c59f30,T-shirt,Clothing,10,447.91,4479.1
58330b30-6c77-4e95-8b98-1ccd12b2102d,fe7ee362-8a89-40f0-9052-91d3b34c6c73,2024-01-24,fc737d92-11ab-4d11-a4eb-8000ef40d162,Science Book,Books,10,149.62,1496.2
497ec6d1-081f-46dc-b8d9-a88aef0bea4f,22ab7752-c4db-4a62-ae13-418d68ab80ea,2024-10-24,a55871e3-bab2-477d-ba74-0cc8a43afb7a,Headphones,Electronics,5,342.16,1710.8
fe2bd987-5fdc-4bbf-ab9c-d71cf6ba745b,de9f6f5b-72d3-4458-a1ea-2f30e42e707a,2024-12-22,148b4376-602a-4e57-a0a3-99d4e821e716,Laptop,Electronics,1,475.82,475.82
dfe2c0a0-a96b-4c42-b6d2-2a7baec76a82,dc3bbdd8-a74e-42a9-a20b-9ea98a0f9508,2024-05-15,8989c5ab-fe2b-44d8-adb0-728d1e5ebe54,Dress,Clothing,2,93.74,187.48
ba54e920-2099-4180-8762-3997649f7d88,00e3a026-d5b6-4e85-b902-39d9fa8dae42,2024-10-20,76876c62-4c61-445e-ba7e-5d9405d1fb63,Biography,Books,7,254.14,1778.98
6c93a791-8b60-4511-b816-8aebac6a7c85,3acb43a3-d2c7-4ffb-a118-433b882ccd1e,2024-04-06,4690fb15-27b6-48dc-989d-ecb075eb89c2,Cookbook,Books,7,314.3,2200.1
b99b2b5a-e00d-449d-affa-20023040413c,cf39f648-083f-44c3-9ce3-62f8c3f725fe,2024-09-13,efad49e9-c41c-447e-9d6b-9b626b535a19,Biography,Books,7,344.71,2412.97
3d9c4e64-0401-4ced-a398-36bbe23ddfaa,980cb95c-19d4-4deb-9139-fa1234c1c3ea,2024-01-14,b40a9181-ac09-4db7-9908-6e477249f62c,Shoes,Clothing,7,472.57,3307.99
bd9419aa-3ea6-45b2-8c76-0d28df495037,3bfda8a6-705f-4df5-a6fa-dca00b531932,2024-07-28,c6ac1b04-dd1d-4cd1-811f-6bf5379ef467,T-shirt,Clothing,6,147.77,886.62
fe54ee4b-80ff-4173-a3df-ecd70e731dd7,ea98fef8-d0d7-4e37-bbf2-025f4a0d2b73,2024-10-11,991121e7-93d5-43ae-91a3-ac26937bf79b,Jeans,Clothing,6,94.71,568.26
52171bf3-d181-43d1-ac2b-0cfcc5c51060,24acb722-e052-4739-8d40-6f1b3ca5be29,2024-09-13,4ceda164-69df-44e9-b896-41dd8570b59f,Science Book,Books,9,455.76,4101.84
f2d2393f-8e85-440d-8f9a-eb7046707cd6,e95d2761-bc36-4c59-a134-edfc97777f10,2024-03-09,8e4c3ab5-6d5d-4477-adc2-9178a0411612,Science Book,Books,1,229.16,229.16
582b91ee-f8e8-435b-8c00-988a7ee1011a,61935990-abdd-4a8f-a4b0-5c89f10bce9c,2024-11-01,6a944054-b241-4482-9198-94d886433603,Smartphone,Electronics,8,91.25,730.0
605fb1eb-4cc5-4e0d-a633-20186883ac6e,7938878a-89b5-4ab0-8121-69db2f12b150,2024-04-03,db87d29c-4cfd-4fc1-b9b0-2e2ad96e684f,Smartwatch,Electronics,1,72.76,72.76
7688d11f-ce47-48be-a4f4-3c62b523c0de,69a53b4f-8ff8-469d-8ec0-713dea2c7a51,2024-06-10,636f6e5c-2253-4706-87ad-8b268eaa5841,Jeans,Clothing,3,404.14,1212.42
548c1d84-340d-4049-8147-65063e2bf9c9,73253aa3-ec17-4298-943d-f5b3a58e83dd,2024-11-24,b97e6224-891f-4912-97ab-b8635efeef4f,Smartphone,Electronics,9,143.22,1288.98
44b9e602-0d31-412e-b0c3-6756d453f867,9a591974-9adf-4709-ac75-c344608e149e,2024-01-16,cdfd9531-302b-4831-92a1-fe7ddfa59722,Laptop,Electronics,6,398.47,2390.82
abe42e7d-b96c-4163-966b-e275c2fe8954,3579c143-7ab9-4428-b78e-65108f10d33e,2024-12-03,f4ff3f3a-4d9d-4aeb-953d-2625e8334da5,Novel,Books,5,436.28,2181.4
efe9b3d0-3639-48bf-83ec-e8ffe8b3d763,1e086f20-bdd1-41b0-b64a-b6ec30a5648e,2024-10-17,ea18d32c-7a9a-4ef5-811b-d1c4ffe3f366,Laptop,Electronics,9,162.79,1465.11
b42a2d93-9aba-4f15-b214-90623e1a963e,3d44cb2c-ea45-4a41-a589-ada1345af934,2024-08-02,61730c48-4876-4153-8688-13fe52555c75,Smartphone,Electronics,1,109.31,109.31
5bf86f3c-a612-4a1c-889d-4b76775c30b5,8347f1da-5c11-4b6d-82f5-b3f54ef4c34d,2024-12-08,cd8563ca-193e-438d-b74c-0afa7f4d908c,Jeans,Clothing,10,195.7,1957.0
c2fa1da8-7830-4631-b8f0-188efb37afae,340029c3-ea11-405b-91fa-cefad6f89f7a,2024-05-23,90019ed4-0bb4-41e7-a9f7-53f1501ba851,Tablet,Electronics,1,107.04,107.04
255b30e2-bdc2-474b-b8a5-6b49dd34aa18,ef4c5119-8da5-439b-82c2-17970426fcc9,2024-08-14,4b91b8cb-6ae6-4582-b852-b3cd9442b5e6,Shoes,Clothing,2,385.55,771.1
3ae28023-5472-4d2d-b239-9ffb27046f25,3ee82983-d557-4241-91dd-b9bf613d2de9,2024-07-12,af521b94-f186-447a-a794-63208cf6e8b8,Dress,Clothing,6,280.96,1685.76
d253d966-c36b-4a0a-81e0-2a89566a9ce7,a4461663-b93b-47fb-b76d-15fd7d1645a0,2024-10-14,bb96f602-2b11-4c36-b5f8-e3a87d97ac0f,Headphones,Electronics,9,149.7,1347.3
23d4526b-2b54-4f7a-9a28-37b2cb8383f2,2f1dc121-7d02-4c6d-8bea-75c1b86677aa,2024-12-22,a44d9fec-fd85-47fa-8ac9-7b01e3ad64d4,Novel,Books,9,185.73,1671.57
08a8ac7f-8621-48ad-8f09-105cf50d7a37,f1f7d904-1307-4157-98c1-28e7d6cd3155,2024-11-13,01a25ed1-c3ab-45f1-8c6b-7074ab102c9b,Novel,Books,1,499.36,499.36
a175a9c3-d7b1-42a9-a332-a50e6992896e,26a9e100-b509-409b-9166-58ce3b3f3800,2024-01-04,5f8a14bd-74bd-4c93-8177-b66137fe032c,Dress,Clothing,2,270.62,541.24
aab07015-a342-4e50-9e2a-73240f79a8a7,7bb3447b-e9aa-444b-9dd4-3675ef145064,2024-09-13,883f13c6-01b1-48e9-8406-ff447ce40679,T-shirt,Clothing,2,194.95,389.9
04482a22-0308-4a5e-a94d-7b008d388327,892621df-4655-48b7-b8e1-9f568787ea21,2024-04-21,b2a6e468-d02b-4243-8091-3ac10463750e,Smartphone,Electronics,3,173.76,521.28
f090f5a0-ce61-4199-ae3a-0ba8ac8d6c7d,eb053fc4-1b65-4dab-ade4-6e91e8e6e840,2024-02-07,31227592-3db0-4235-a61e-2555863e1f2a,Cookbook,Books,9,370.47,3334.23
d0b1e3eb-409e-4a80-86c5-d1d69ea9f508,659b0105-cb80-4288-846f-64dd5abca6e5,2024-01-31,7580e050-67f1-498c-b594-8a545f804eeb,Shoes,Clothing,9,182.7,1644.3
b27e1442-fd7f-4973-be42-df5b90a3fbbf,d3fbe043-af1d-4a1a-8ccb-235539d1c7ff,2024-11-25,dbb44021-fdde-44af-a75b-395a14a34f7f,Cookbook,Books,7,94.63,662.41
17efa621-081c-49d4-8274-37eba65f7b8a,8d7dd772-608e-4f5c-a117-727067c0518b,2024-07-03,b3eda8f1-026b-4383-a301-ec030e5d8c6a,Novel,Books,9,374.38,3369.42
d867888b-7ff6-4824-952a-eaec2bdfcb41,54ce26be-c8cc-42c2-a518-a4186f14b3f6,2024-08-07,1869a217-f94d-4fcb-9ba3-496ffa323f69,Headphones,Electronics,8,449.64,3597.12
0ae4ac11-eb4d-4f42-8735-70a2e5110961,de3ce88b-e6b9-431a-b61f-6d903ad1fa33,2024-09-25,45667c48-79ba-430a-9118-c400e336c243,Jacket,Clothing,8,229.43,1835.44
af36b8cc-1308-4974-ac95-b3ac0beb7c34,8b040f53-e639-49d4-87c6-8688ecf32053,2024-08-06,edc3a1c3-2dea-4d2d-886c-405fa879d8f8,Novel,Books,6,242.04,1452.24
f622d842-0402-4b3c-9082-11a5d9b59f84,c093bfb0-24e9-4cfd-9647-ff9f3508507a,2024-11-14,edcabf94-65f6-4a53-9226-a8b3b674410d,Science Book,Books,6,479.12,2874.72
905f9096-2996-46e2-8c9d-690713b22cec,d9750f00-d5ab-48ae-9112-fbc03d8f95f4,2024-05-31,54ec3f33-8a62-4cbd-a582-b678ad5229dd,Travel Guide,Books,2,91.05,182.1
23d3cd4c-bd5f-4093-816f-9bcc6243bed7,b962c8a7-b076-47dc-bd0c-e433ca5e151b,2024-01-31,588a3f87-f96d-40f8-bed6-3da08033f5c2,Smartphone,Electronics,7,93.45,654.15
3b6dca0d-6fe5-440b-9901-ef870dbf0caf,9aec56a8-5731-4609-9375-ee90d6b361e4,2024-10-25,658e54a2-9879-4f35-b471-99869d264599,Science Book,Books,3,300.37,901.11
07958c1f-538d-4b8c-8607-b1e9f80b2cea,fe1a1ba9-c896-4c5b-85f8-c28da255e1bb,2024-06-23,8d93e14a-5b16-4158-ba67-470c7d98302f,Cookbook,Books,9,198.34,1785.06
2f8c83e5-6e8d-4644-a01b-fbcbf0eebcce,614c721d-a921-4b4c-95fb-e976ae007b7e,2024-02-03,cc4d5819-4b9d-4d58-9e5d-9c7ac5acc354,Headphones,Electronics,6,443.12,2658.72
15007170-12d1-4585-b68e-47fa3f175534,b630794d-6147-4deb-a77b-06674499d0a6,2024-10-31,63be441d-bd5a-4c9e-a77e-b0aaa247541d,T-shirt,Clothing,5,320.18,1600.9
176de21f-1b46-4bdc-9c56-d9bc5111d31d,71da35b9-4eea-4db8-b165-d77901547950,2024-05-19,21ebfaa9-1a2b-469c-850f-69eec2e79a98,T-shirt,Clothing,10,278.34,2783.4
72e76b51-6e54-4c6d-aff8-e87e16591c89,68759545-832f-42c4-8e03-70cf8e969227,2024-02-10,8de1596c-5a9a-406a-96f1-42a206b919aa,Headphones,Electronics,4,431.27,1725.08
c8d0f9e5-9919-45ea-98d0-0c2c17d30f32,0328c136-629e-43d8-9d1c-a267530ddda6,2024-04-23,15aede0f-c777-407f-a346-d4ef69ef74e3,Shoes,Clothing,6,101.7,610.2
e7bbaefc-8f3d-497f-a6b0-da0ab98f5dbe,926bffa5-3e24-4fbf-ba69-8cd2fe2390f3,2024-07-21,2b64777c-6177-4771-af70-de702b69c95e,Shoes,Clothing,4,413.25,1653.0
44b64ec1-4d16-4049-84d7-df9a238b05b7,2ace1aa9-1032-46b3-a55b-fc1c7e3d5ee4,2024-06-17,7bf69552-4cbc-4044-abcd-5ce746a56fe8,Cookbook,Books,10,353.74,3537.4
406f64d6-5c72-4ebd-93b1-1e59c85cd714,a002352a-b88c-4dde-bf20-86c2f1b88d65,2024-07-11,75366b9f-320f-42c0-9dde-01889803b22e,Novel,Books,10,468.09,4680.9
01bb819c-4dfe-4117-a2af-711f1b628a9d,d773f98d-550c-4fe9-a54c-11d9f2e61828,2024-08-28,545cd88d-dcb9-475e-8dd7-f460614077d3,Science Book,Books,1,131.19,131.19
d0c30018-6e3c-4d4f-95b1-45e470b27304,f966d59f-a6aa-49e5-9c08-bf29d2d33488,2024-08-18,9a6c0db9-5217-4c88-8ce9-53a722d90db3,Science Book,Books,6,207.96,1247.76
7aa061e9-336b-40cb-b1fe-ad13f280df1d,65f30779-f6ee-4cdb-ad79-a2d1506e50c7,2024-05-03,a205e54f-b1e8-409d-bc20-b9f24a9c589e,Laptop,Electronics,10,345.81,3458.1
c82f78fd-936c-431c-b7bf-52447db2a7aa,47c1c017-6045-4909-936d-47d73e0f84ce,2024-11-13,1d27c09a-5d71-4898-a497-6593c92e8c93,Laptop,Electronics,1,91.29,91.29
979c30cf-3326-4887-9058-81dfee9bf3e1,ae84b81c-2e0f-45b3-8bae-591eff4cc10f,2024-10-25,ba2aa7ba-f3f8-4c31-86e3-f9498cd34c62,Biography,Books,7,238.92,1672.44
35ab8466-b557-4b00-b166-cdcf762cdfbc,d4cee27c-4a94-4e9f-8c35-1e4f703e957f,2024-09-26,cbb02a8b-d908-4121-91a7-ba2011b461e9,Jeans,Clothing,6,190.24,1141.44
7fd255ee-ac48-4366-a8bd-80d7cb881c32,3df51967-4d86-40bd-a222-4f9623a13e20,2024-04-08,6c521d13-b719-4b68-a775-ee42a89e22f2,Shoes,Clothing,10,88.23,882.3
72f60958-12ef-4101-a082-786fca00ef58,950df1a0-7aaf-4001-9912-316afd9e8e20,2024-06-04,eb9ed274-ec6a-47ad-81b1-5db988cc4d49,Laptop,Electronics,3,389.5,1168.5
8b2c550a-6b15-411b-b113-d50bdea050c6,5c0a1feb-f7ea-466e-8a6c-af9b09697101,2024-09-29,98049562-8972-4bbd-8ff2-b1c4e53f9644,Smartphone,Electronics,5,249.4,1247.0
1bffa279-15c1-404f-aa16-3354a35fc9c1,aa2960fd-a858-44df-bf8c-1097c4da2c2e,2024-05-17,0b570720-9cd8-458b-a5a1-c8252a9528c3,Dress,Clothing,10,248.92,2489.2
ad6ecc57-a520-43d0-bbcd-bf5e902f3465,c0afd193-f780-4f2f-a64d-5922a590fd3c,2024-05-08,1b1f2eb1-6e32-45a8-8bd5-cc86f73936e9,Jeans,Clothing,9,101.22,910.98
38d5101f-423c-4d9d-993e-478302b34254,8ed8a80d-84cf-4e39-bf31-c29f82bbad84,2024-08-13,721e8b1f-3895-4939-9342-a09fb00ac64c,T-shirt,Clothing,5,355.2,1776.0
c5b8386b-768b-4f7e-a421-5e665fc64cd0,801e8690-b0c0-4fcc-96ad-d4dfadf75924,2024-02-28,7b96e2d1-0649-4cf6-bf69-723d584fc85b,Travel Guide,Books,9,350.21,3151.89
eba900e1-6a7d-4d96-8ba1-72331ac3bf31,d4d13d55-1db6-4844-95fa-9483f633cc2d,2024-10-10,57d337d3-4fd8-4bbb-992c-11072444d301,Laptop,Electronics,7,493.0,3451.0
8567c805-34f5-41c0-88c5-eb2a7490adeb,18fdd2b9-79e5-49aa-992a-35497ba109d0,2024-06-19,51a40d2a-73d3-4457-b25f-13dfb8d49848,Smartphone,Electronics,4,185.64,742.56
cf685878-0b70-4933-8cde-1b6b1132567c,d963dc72-05c8-434b-9d76-3a66b5f59cb0,2024-05-13,ccd015c1-ad59-40dd-9bff-3142a5e15b55,Laptop,Electronics,5,180.25,901.25
bd90b81a-fbe0-46b8-ae0f-65a82a131c1f,8d49fe3f-2ca8-4783-8418-2d353e711433,2024-03-03,f55dce6d-6d26-4b37-8f52-42d354bbbcf8,Smartphone,Electronics,8,386.16,3089.28
67b13040-cc39-4925-bb5a-e28876492e64,a3f66c61-2fb7-4dab-af38-3b43a137f8e4,2024-09-12,bcc57be0-0779-450a-a544-e3136ea05d13,Laptop,Electronics,7,289.66,2027.62
7317591a-3283-4aa4-a212-ab7c9d361cb6,0123a348-638a-4df6-adf7-2cd3979aa051,2024-09-30,c0986750-4741-4b48-b4ae-4abd36fce0ac,Smartwatch,Electronics,9,425.01,3825.09
10042d82-cbc7-4f1a-8f08-ea54b4299924,df3a098a-ccac-4fb5-9a0c-6c0493cd1291,2024-07-27,327375bf-5373-4f4d-9da4-9cb92fdc9992,T-shirt,Clothing,7,437.79,3064.53
abb316a7-4329-4780-9d2c-272175220646,f7464c02-8718-44c1-bd4e-d26edcd5bfae,2024-09-05,9c7eb575-637d-4cd6-98d3-148b503b4078,Headphones,Electronics,1,256.89,256.89
591196dc-1d3e-403a-9645-f0e4647dc392,9e0b7b01-7536-49ef-9873-dad95a1baf0e,2024-03-08,ccf4ffb0-b4bb-473f-ac70-51d1d051267f,Tablet,Electronics,10,243.18,2431.8
97154633-9d4e-4b71-ab2e-c80e4c255823,502cf0ee-224a-46a6-ac0f-680115b24e1d,2024-02-15,2edc017e-1df0-4d18-8e2d-62553d131a3d,Dress,Clothing,5,101.83,509.15
82c56b21-2430-42da-b185-0eb85f90fc87,234b4562-98af-4cca-ab11-b7cb63725424,2024-08-11,7c966b55-2f8d-4ded-ac4c-450b623ad0fc,Tablet,Electronics,3,410.59,1231.77
eb4e2281-b184-41fc-8991-b01aa2b03c4b,2c591da8-fff9-4acf-ae42-05eea52fc3ec,2024-08-03,23ea7956-49f1-437d-bd59-2e192ab7b2ef,Travel Guide,Books,6,89.66,537.96
7374ccbf-d78c-47d3-9088-50d32fe5b140,5be9fdb3-dd92-4d7c-8db9-77a99e91a71c,2024-01-04,d0b1fde0-31f3-40c0-a2f3-f0687c0f549d,Laptop,Electronics,7,314.99,2204.93
816462cb-8fc3-47d3-b6bd-80c7624a2a50,af4847f0-68bd-475b-beb6-581ea72f947d,2024-07-09,71a0449d-d703-462f-b5cb-e3f56a66c184,Novel,Books,7,441.74,3092.18
90bde900-1529-46f5-aad1-1fe87d1b695e,38749f3c-c2d4-4b56-8bbe-d98007e67cb0,2024-04-23,89a0b7eb-398f-469b-865c-c2cb085eb489,Science Book,Books,4,199.88,799.52
751303b9-c7de-46ea-ab0f-be4449e64c22,c4134dc2-c5c5-4e8a-be15-ad1290ce77e9,2024-07-11,929d6377-1cfb-455f-82c4-2e488cbadae5,Smartphone,Electronics,9,334.95,3014.55
8b0901ab-c66d-4eb3-8494-5e091d3ca5a4,8ac35ac4-5dea-4737-bdab-3441d2c2a960,2024-11-15,b80f16c5-c28f-416b-8aa6-fcb9c1bcbe59,Cookbook,Books,4,457.67,1830.68
fd61f13b-37f2-4d36-8bdd-cee370fd6672,d47f83b1-bc69-4155-9a37-f6bd6cd6f011,2024-09-10,dff389aa-4c36-470c-bf5e-3b8cc0582da5,Jacket,Clothing,3,156.32,468.96
4347dbca-7321-48b2-8840-405affd2f491,164484a0-d115-4fff-9cb9-1d5f593c572b,2024-06-19,c68fcba5-1e0d-42b5-be74-02cddd83ad03,Tablet,Electronics,4,128.07,512.28
cf8a368e-35ba-4357-bca8-7f31cfd7f3b9,59c2f153-b06b-4f0c-9682-2e22bcd4344f,2024-11-30,6d9c5b50-a1fd-4187-9c3a-1e0bb5f3f8aa,Smartphone,Electronics,3,478.08,1434.24
c8ebe27a-23a4-470e-9dbc-15c02a7dc57c,ce315937-34fa-42b6-9043-7e4c34e50699,2024-01-24,47f53019-8843-4de2-99cf-0b0d91f0647d,Travel Guide,Books,8,389.5,3116.0
52daf681-2b1a-476c-89ec-bc5198cbaa52,4a11be44-4aea-4b8f-b43c-de0afa9fc10e,2024-08-10,83b0b35c-dba6-4df8-b3d0-4ffb44709848,Travel Guide,Books,10,339.35,3393.5
d0afb235-ade6-4f51-a670-93a0fc48f615,c0062b5b-f678-49b2-a2b5-f4571860ad28,2024-11-01,fe1393cd-0f2d-4c15-ab34-6d3a695e5ea9,Science Book,Books,6,117.93,707.58
207bbe21-a7e8-418e-9df6-d4ac46feacd4,3fead90a-21f8-472d-9db7-570eb390b059,2024-02-26,3f5fbf4f-d417-4230-9274-ee11b61df906,Headphones,Electronics,8,334.12,2672.96
64880945-ad1d-4537-97f3-4368c2efeecb,a1e518a2-93d2-48d4-a465-5c397d4d2add,2024-04-14,73b5bad5-600b-4b35-aa0a-a7d5a0b85755,Shoes,Clothing,1,208.37,208.37
e14fe093-cb6a-40c7-a235-6dd4135508d0,83ff3e96-6721-4a70-97d5-0f59c4d598f7,2024-10-18,e097dedb-efb3-4939-b1d8-18874739cc7b,Tablet,Electronics,8,253.36,2026.88
7cf07bb3-f343-49eb-b466-ef025e7b72c8,de70bd30-00a2-4367-94fb-09f053c93ae7,2024-10-27,bb1e5ae8-17d8-41b8-bb93-cd40d8dff535,Tablet,Electronics,5,84.53,422.65
aa055442-a284-48fd-b55c-ee2af8ded777,1036708d-d9a0-4007-9bb4-7c18b28187c4,2024-11-05,f7d7465d-37c3-43c9-a5d0-b51788d00abd,Smartwatch,Electronics,10,278.18,2781.8
7ea5a387-363b-45cb-9329-37246dfd171a,48998e5f-d40e-43ce-92a7-4a4144bed486,2024-05-11,90eeb067-216e-4fe5-93f3-75968c1c8b05,Shoes,Clothing,9,479.4,4314.6
57ff51d9-c9ce-44bd-bc3f-1addda385db5,0c648ca2-c323-4466-aebb-b90ee4e751de,2024-01-18,d6321d31-c8ac-4fcf-a04d-4d14197dbae1,Novel,Books,8,459.07,3672.56
edef5003-1fce-41e3-842b-03ca75a72686,74de5f70-70f8-4dba-a871-9b9bdb8f0e32,2024-01-01,33cb202e-6d84-414d-b541-91eafde91c42,Biography,Books,6,322.25,1933.5
21c50e41-e8ce-4951-b047-8ea4fee5ce69,28b2bf21-4d47-4ed6-a666-3769e1d46f82,2024-12-05,17e52113-4626-43be-a068-8849eec71a30,Biography,Books,1,252.74,252.74
1519830c-4019-4303-9c45-7e4da79313b8,a61f0b96-e75f-445a-aa1d-3fc65f31273d,2024-03-05,4e35da80-a027-4a18-a576-a4100d41ee47,T-shirt,Clothing,9,340.76,3066.84
3bf0d9c1-c156-4501-b30e-96e8b9da5f8c,b4258e19-1758-447e-a7cd-e1436de21429,2024-02-06,13f3cade-7a10-413f-b6a2-c52b00473139,Laptop,Electronics,8,495.94,3967.52
84fa4c72-39e7-44f1-97fb-613a21f89d06,02106371-0260-4123-b1ef-e72aae13591e,2024-09-27,fcf7b842-1edf-4bfa-912e-0eb557f479b5,Cookbook,Books,10,121.44,1214.4
21d63b0f-b1ac-440d-ac1c-c405dc3f42e0,6210def6-3a9c-4308-9221-cddf7a4a902f,2024-02-04,1a6b6a7d-1a38-4ad6-8e53-2ffdbb134f02,Jacket,Clothing,7,233.95,1637.65
4c9bff5c-e188-4eaf-9e18-85c35037cd6b,d038e153-c601-418b-a1fa-01ba231ae7c7,2024-10-19,fe31537a-a43e-458c-a215-df00dfdf0e05,Shoes,Clothing,1,405.15,405.15
87cf63fd-1183-4c4f-a492-04c7ad58db1b,a667b982-9c3d-41b0-822b-66839033da65,2024-03-04,368acd40-b8f1-4e3c-99e7-703a70aa5b0d,Science Book,Books,2,198.36,396.72
eb7e2e64-26c0-447e-bf8e-8bfaa0c9da72,714011a1-afc2-4cfc-9db7-284b6965d1d1,2024-11-29,19b814fc-e587-4d89-9631-2fc6379d58f9,Travel Guide,Books,5,163.4,817.0
96ee50e5-1f87-4b46-80a0-473a23d7e6a1,f69777a1-59fe-4d53-a24f-ea4bbae1e137,2024-06-15,3f6eed9d-23cb-4943-8a84-000350834fef,Cookbook,Books,3,200.01,600.03
3f87dfc2-1591-42f2-a505-da9c46e75a2c,b89f3a92-999a-4d86-99db-13028dab66d3,2024-08-23,b0c30a59-f0f7-4d22-876a-8e0f48f091f0,Biography,Books,6,189.6,1137.6
a88d4108-d8d9-44b8-990f-74e906ddf6ca,848b34f0-3498-4735-8d38-e415e03635fc,2024-08-23,6449cb6f-bf72-4e52-b04b-237082701238,Travel Guide,Books,3,317.77,953.31
c8a738ab-0df8-4e12-a56b-61e04ba8a4ca,3d4574eb-f465-4a21-8b35-097ae5dd98f1,2024-07-11,7fe4a42e-3db7-48a6-9cdc-c4c262c965b2,Tablet,Electronics,9,219.51,1975.59
873dc8bd-122d-47be-980b-c81ea3595d1f,fca45567-0316-42d6-ba4a-58efe3837348,2024-05-20,6307d4d1-21c9-415d-9104-5a16ef15ab72,Jeans,Clothing,9,92.05,828.45
6bbdb66f-9181-4091-96c6-f45cdc5e4e78,2c3aacdc-aed5-4a46-8bde-005b5d8babd7,2024-10-23,c536c66e-fcc4-491b-b457-07c678946a15,Travel Guide,Books,9,212.82,1915.38
1149d096-965d-444f-8445-c1a812af97e4,0a3217d2-373a-4df8-831e-930f0387f74d,2024-12-24,65e1b0f5-ca0e-48c4-b2dc-b12b0f7ae302,Jacket,Clothing,3,478.03,1434.09
b66edbf4-a0ea-4251-8957-43a281b13b80,6c6f6d2e-6a59-4043-8461-52348044beb2,2024-09-29,895c4fde-a3fa-4069-9519-fd3866fba71d,Dress,Clothing,4,151.94,607.76
4708203b-2716-40c1-9db5-428389a3c811,82e4dd4a-143a-41c5-8f56-0ed515669e36,2024-12-23,27c6cbb1-cedd-469d-b96c-9a0a3404c02a,Laptop,Electronics,2,183.11,366.22
9620bee6-6406-4ace-93a5-e8508950ddd6,a65be22b-d5a3-46d9-8362-a810a2611b8d,2024-09-21,b2dc6c34-4f67-448e-90ec-eb1fa4a5c736,Smartwatch,Electronics,9,425.8,3832.2
d8b22277-f413-4b19-bade-8d5d6fff15cc,16120aa6-3e96-49ba-8ed2-ec9d3d175712,2024-12-25,9cbf7b8c-7410-4d5d-9db1-4bfc6f3a5115,Novel,Books,6,444.38,2666.28
aa8430f8-4f2d-4233-8e16-5b129bdc70d1,2cf72140-bd9b-4648-a876-1e85bddfa03a,2024-02-16,b3957a98-2320-4ff5-b538-f96c033e02f7,Biography,Books,10,219.52,2195.2
f3f8dea4-7f14-4afa-a9f0-ef7c02e7df89,c871d7b3-8468-474d-85e3-ade558c1aad6,2024-11-15,5f32d5d8-2abe-4585-825e-0259b88416d2,Laptop,Electronics,10,414.07,4140.7
df9b141e-c7f7-4da1-bff1-5840207e863f,1e38f711-e2ec-43f4-bba1-aed944cdbfdd,2024-10-26,ce9e9ebd-55c3-4853-8783-e43ce65fad87,Headphones,Electronics,1,234.89,234.89
1059ea28-861b-4f5b-85a0-85396de8370a,939f71a2-f99c-4a5c-b65a-d0f14350ab06,2024-08-31,82c299f0-7487-4772-bf03-86fa13badc91,Biography,Books,8,324.77,2598.16
dbff00b0-7fe6-40f3-8e31-41ec5c311464,28457780-5e20-4957-aab8-bd33911f730b,2024-04-09,92ebeab0-e4ee-467c-9a57-f9e4c5f8e2f8,Travel Guide,Books,4,290.31,1161.24
3a78b64a-1d86-40cb-b908-00f3ac93281a,0b461173-00a8-4473-8242-5912bda3c162,2024-11-29,0bc57207-3e9a-4c86-8325-4fbddce8e1c5,Dress,Clothing,4,215.53,862.12
eb93f78c-620a-4158-9d2d-904f78c59073,f5d8fb91-ee60-41ac-add0-622e266bf2ea,2024-11-29,e9f87970-cd98-49e2-8d88-8beb090d9655,Travel Guide,Books,8,396.25,3170.0
6b5bc975-a7dc-4bc0-bd9c-4693b6ca1127,6a8fcacb-3f8e-4d0d-9261-9dec3979d5f5,2024-12-21,d3748a11-4571-4959-91e7-44e4b864ca08,Shoes,Clothing,9,238.4,2145.6
1e910f36-5f70-4b25-9250-2e5913f06822,0d7bec04-e6e5-4b32-ac5f-12ef8085c147,2024-03-10,fb3df063-8409-45ea-8de9-18b33922a7e4,Laptop,Electronics,10,112.28,1122.8
11a529b4-66a3-42d6-b43e-8c480bc1f9e5,48454343-ddb4-49dc-b710-6966e0827f76,2024-10-27,161d5c87-53c9-4e59-8f89-e3b2d847dc53,T-shirt,Clothing,8,443.35,3546.8
5e717fca-020a-4497-b4ed-51458d9765c7,c8d57717-9055-436f-8aa5-f9d3335f2f59,2024-04-28,76c3e642-3e19-4c1d-9f6a-6a65bd54da04,Novel,Books,9,433.02,3897.18
7e4ce29f-f8cb-4b4c-9779-0e845e472e22,3207343e-c6a0-4656-85c9-fb91ff6ef9ed,2024-10-11,cbc4ec0e-c2ae-4674-8beb-4e78e68373a3,T-shirt,Clothing,3,172.76,518.28
eeb19ad2-01a1-4b0f-a68b-84b63ec0a285,8aa2b4c9-3ba5-4d76-861e-fb9568f82063,2024-05-14,e09016b6-b186-45a8-96ee-526ba2cd1590,Biography,Books,7,91.27,638.89
005fd0e6-55c3-42db-b374-190d0274ce40,d95874c2-6053-4c1b-a845-10a1c2492e5e,2024-10-13,34879e41-1a9c-472a-8eb9-047dba2ac3d9,Headphones,Electronics,6,468.71,2812.26
6b790d01-3cf8-4d20-bbad-793f87a1ec02,f8f9a45d-0f55-4896-b610-396b7df59abf,2024-02-25,0b3d0c36-17d0-4810-87a2-a10bb62edb49,T-shirt,Clothing,7,275.9,1931.3
d872f72e-e5b4-41ae-bb41-c943ebd8a3b1,e5449887-b36a-43ed-a9be-173a850ef0ad,2024-05-24,15bc2a3e-bf76-45d7-b97c-6c3c755d814b,Headphones,Electronics,2,218.71,437.42
222df6a4-8163-46ce-9877-bc0694ad6252,13281726-64f4-44d6-91e9-1691a3209116,2024-08-17,a995ecc3-6f5b-49a6-8ff1-c51f915cb31b,Tablet,Electronics,2,427.63,855.26
4aab47b2-3c9d-428a-a176-1930f6d70248,ed1115d7-50a4-4c85-99d5-7b0242d04d55,2024-11-07,bc4015fa-d4f7-4322-b362-c0d264988bde,Science Book,Books,3,111.92,335.76
459ee674-73e7-4042-916c-3b0a53853918,33e4f986-f18c-4cdc-931e-b7233bcdf203,2024-02-22,1be5a4c3-95af-4d0c-8528-5425c7a9f33c,Dress,Clothing,3,391.48,1174.44
7316ce64-2a14-4a96-9b0c-62eb27c8fc6c,1ee89a4c-6811-44e2-9064-7c59774f6354,2024-07-27,3527a5c8-c534-4a08-b6f2-4d1c5bb8b9c8,Dress,Clothing,10,52.36,523.6
43d78f2b-769d-41e3-8eed-412473b0d676,28597b34-1725-42c7-9eb2-a7b8da3c45ca,2024-11-09,b46788bd-d38e-43e4-8de1-087bafa14a55,Smartphone,Electronics,5,147.04,735.2
370b9a29-0a53-4df9-9a72-083cb266986c,25f88c74-53ea-4919-9b48-62c2d5ff2a1f,2024-02-05,5b11f51f-f7e9-401d-bf8b-4433b60e695c,Smartwatch,Electronics,10,287.5,2875.0
ad5be3c8-0c88-4714-8372-17e0657046ea,fd9cfbb0-d1f1-4485-829a-4a7c4c80d33a,2024-03-08,dac726b6-6786-4fb3-b3bc-9a7107f4fee5,Tablet,Electronics,4,185.52,742.08
8cd4b90a-bf82-41bc-8e52-fc4273c374a6,1a16998c-7648-476e-983f-ea703ff6579e,2024-11-08,030f9be9-1f17-4f93-a3c9-7a1ecb371d97,Laptop,Electronics,7,337.53,2362.71
fb8986c8-c7ec-4e71-9493-47fc0fc98d2e,d2dc42c8-32b8-48aa-a176-8dd738e7e019,2024-06-04,f004e897-a15b-4e18-afb0-64065f4b1a97,Travel Guide,Books,2,99.89,199.78
960be0f4-9513-4c22-9583-9b99a50a13dc,13325c31-d010-418a-aadc-9960424211e2,2024-01-09,e709fba6-329f-4417-9081-3d45ff45f8a2,Shoes,Clothing,9,57.4,516.6
20f87ba2-cf2e-4296-b184-b713a55f65b7,d450afa2-d8e7-4aeb-a7b3-3085178be968,2024-11-10,f1394e3c-0aee-4557-9f5d-f91254e07431,Cookbook,Books,4,373.34,1493.36
ec93e596-2b01-4723-8cf6-97a57603c36c,b9744cde-d259-4960-aee3-560792ea1324,2024-06-02,aee70ab2-61fa-4e7a-878c-26ce7f0223bc,Dress,Clothing,1,326.66,326.66
36f7a26c-5a9c-4679-ac3d-17e26d39da75,47a48c42-4665-4497-afe9-22aae886a011,2024-06-22,9d3616a1-08de-4921-a60c-b547e2280fe3,Smartwatch,Electronics,7,134.29,940.03
a5b40983-3eeb-404a-9df2-372e9e825aae,e1fdc6d1-6978-4221-bfb7-5c574b8c031f,2024-08-01,479f6628-1674-4b65-8f9c-53007aa1c567,Novel,Books,9,488.59,4397.31
330faaa3-6b52-493c-a321-e64e620d4a1f,869bc00f-cc15-4a1b-a278-9642a484e035,2024-04-06,8b2d158a-cd5a-4324-be7c-80e9a1791e93,Smartwatch,Electronics,9,278.3,2504.7
61eb64e6-fd49-4e20-84ff-eab2cb7b0b3a,7acc9970-5bee-4570-b69f-75c5c82ba1be,2024-07-30,e9a53368-5812-4eb2-bc13-f47ac80c2195,Cookbook,Books,1,225.7,225.7
636cf499-5254-4ad3-809c-d83990ce82e8,51a1f5df-06ac-4010-ae08-69c1453b45fe,2024-08-19,cf89569d-e550-4736-8780-6e713811b519,T-shirt,Clothing,7,491.47,3440.29
cf03f0c8-0eff-45bd-87eb-340dc74e48ff,5b80b8d1-8788-4fed-b8c0-4ed8fdd4ff21,2024-10-24,f956be95-3b96-4c74-bfe6-299495804c2a,T-shirt,Clothing,6,404.83,2428.98
a8284442-3f73-4f50-99a2-676f28dd2bfd,d0f81063-889f-4107-843b-1d0f3dbc3093,2024-11-03,c398c332-0e50-4785-bcaf-f931ead18464,Jeans,Clothing,2,397.18,794.36
93608edf-382b-4b86-b2a3-2efdff138c80,636fa890-cc21-4bdb-bb8f-e8c4d8b48ead,2024-05-17,d86065a2-fdd5-40f8-96d7-44fdef69a980,Science Book,Books,3,69.95,209.85
97af5bde-3c8e-4d78-ad14-e9f42c78644f,b297a782-bcf4-44aa-8e63-cb1a5168bbf2,2024-05-19,b4157cea-0738-4ba4-9770-a3dbe9fa97e2,Science Book,Books,3,423.67,1271.01
91519998-f293-4585-9a07-d758b357f3f9,f2c84743-9027-4770-a460-d0d2904883c1,2024-03-14,e1b243cc-cf76-4343-bced-f994d631c383,Travel Guide,Books,8,334.28,2674.24
4f1e1a37-8ac8-4d93-be02-921df86b543a,171b1b80-09b7-4df7-bd8d-3ddd2cf149cb,2024-01-22,051a0039-3803-4cee-9a06-92953b8d3447,Smartphone,Electronics,8,66.64,533.12
54ec84ce-002c-4b25-ba5d-7c8286c5547c,ce7334f2-3393-4b6c-9d37-efb6eafb3e90,2024-02-20,eb3537a0-2d6e-4291-b789-3986573bfc17,Smartphone,Electronics,4,448.61,1794.44
52d6b779-de43-49cb-9823-0076cd6bb03b,962c04dd-25d0-4461-859c-15740f3f0f48,2024-09-30,1c654aa2-c63c-421d-a443-5958eacf33a9,Jacket,Clothing,9,229.2,2062.8
5d696bc8-dc54-459b-86bb-42c7d8b2f8b6,b45c9a54-5fa3-4531-9291-6e60f5e72daf,2024-09-14,5628ddcd-19dd-4e8c-9605-30356545c030,Travel Guide,Books,5,66.48,332.4
f9d2014a-22ee-4f07-9296-1fb34d407b28,6fd69b3a-f2dd-4456-bb7b-6c0528522ca2,2024-11-03,a630ad9d-7cb9-43f5-b5ed-f382a3a6ef83,Biography,Books,5,210.64,1053.2
f7ff88d4-b509-408a-ac98-8bca51397c06,edc8cca8-e3bc-46f3-b18d-2c8c8fddbebc,2024-08-26,aa604892-3926-42e9-9b58-eb49c9784b52,Tablet,Electronics,5,106.01,530.05
60ddc7f1-2ce3-4822-9080-12b896c56fe7,4b657bcc-b041-4f19-bbe7-18354e8bf78a,2024-02-19,f2e3c6f0-0075-43d5-ba94-aa662d7e4a45,Dress,Clothing,7,384.49,2691.43
643ffdae-92a5-4d04-b2dd-e1f5b3b6d344,f7164b73-c555-43ed-be89-56c8d9cb3540,2024-08-08,5176a9d1-9a36-44d6-ae9c-e8ff084a3c4b,Jacket,Clothing,3,273.29,819.87
9c8379ae-f7b0-4805-8f0d-f860ebc92914,1aa6f7cb-90c7-46ac-a3bf-e403388c9751,2024-12-29,beced21a-54c7-443b-a401-342a7f05fbf5,Jacket,Clothing,9,170.02,1530.18
fb7d3ba1-58c8-4c48-bced-4d1f13eb22c9,e2a45909-a2dd-42d5-aafa-ab7b51cbf9e5,2024-02-04,a39c3bd5-ab86-4afd-b57e-c883d2586d90,Headphones,Electronics,2,243.77,487.54
725656e3-55f3-4d50-a2fb-b984bab27bce,3fe1e8f3-35ad-4e88-83e4-f66802ead2df,2024-09-26,c97a24ad-41b4-45b8-99b9-222c115affac,Smartwatch,Electronics,5,194.55,972.75
0c53644b-0053-4649-b86d-066b1ba827c6,6b6e64c5-bb8a-4843-b02f-31e562ccc604,2024-03-05,e1bbb8cd-7e3a-4f07-a9fd-28e6e271fff9,Tablet,Electronics,5,187.92,939.6
6016c743-8bc8-4a02-99ea-493660f34ebc,c9ea356a-7abf-4ebf-942c-b1ae19f738cb,2024-12-01,afe9be90-c21c-4fb3-a6a5-f0ff93fb71d0,Travel Guide,Books,3,360.39,1081.17
12de9e5a-7387-428a-a9a3-db6d39bfca38,4b7f2183-088d-4d82-9883-e3f8cc9803de,2024-01-08,1acf42c5-f3a0-4120-82d9-43ee51976e75,Dress,Clothing,1,377.07,377.07
e34f76b4-2b8c-43bf-9780-be1712fecc2b,13335bc9-bb63-4ff5-a931-0971601e0211,2024-07-31,17d5b563-fa60-4de1-a5eb-772df11c0ac5,Shoes,Clothing,7,173.55,1214.85
9d17d218-fc3b-4de5-9812-62ac5683ede0,07ef2ba8-b45a-4ab3-bb94-a34de4aa786d,2024-06-16,9b792afa-2a3d-418d-a754-a29ff143e545,Smartphone,Electronics,7,213.49,1494.43
0db5d441-2837-4418-af27-c1b9e3c6dedb,f9722cc1-349e-44a9-94c2-9d5c19ec0829,2024-03-14,b8d77d2f-8dda-4ff2-b27b-7bb468c690b2,Biography,Books,1,114.25,114.25
43e8644b-8a45-4905-badf-9397ecf26429,3ccff6eb-4c22-42f3-8811-e562a91cf192,2024-02-07,8cb6b0ba-925f-4199-a495-3d5f0cb4e891,Travel Guide,Books,1,106.8,106.8
0df407b8-2751-4b86-bdae-c949d700b461,166ecfe3-6d77-4595-80fa-0eb45c5f48d4,2024-04-24,99a7b99b-a005-45e1-a97a-2846d2eaef18,Tablet,Electronics,6,222.28,1333.68
06969d48-18d4-4238-b31d-e35c7af6cd41,4ab427e3-a360-4681-abbb-a89d34fadee1,2024-02-01,4ef03f80-1d91-4e39-9801-4004793bed1b,Novel,Books,10,119.05,1190.5
7d3572cc-788f-40cd-a5c0-6b93c8edabdd,1754bf08-43d7-4413-a939-ebd1e516b0d4,2024-09-06,5efb336e-2f54-4033-a334-fa2a8b4bd7e7,Jacket,Clothing,6,249.77,1498.62
2fc3e649-5e91-4b91-a1a6-6444e2afa629,7092d401-4367-4d58-8b6c-03c8721e5419,2024-06-29,44c07a9a-d64a-4b1f-b9eb-038a436e3c49,Smartwatch,Electronics,3,288.26,864.78
c0927b74-26b0-4ff6-8fc7-9913907276ea,15f0ea19-18c1-40d2-aadf-3692b24beb96,2024-09-16,69fb0763-8a9c-46f7-8ee4-e5125802b640,Jacket,Clothing,5,162.33,811.65
3a3e46b0-96f8-4ff7-81a7-2883f8802878,6319629b-d73e-4bb9-8f9c-a17b8db8dadf,2024-11-13,891778e8-f733-4094-ab2b-78b985c7f3be,Smartphone,Electronics,3,274.57,823.71
798e175f-efb5-4207-9dec-c40bafe3af13,79ec533c-3c53-490e-a1b4-1171929d674d,2024-04-26,da9bccc1-e71c-481a-a511-e61a143665f5,Shoes,Clothing,2,167.8,335.6
923b7820-8089-48c5-88e3-f771b6dcbd05,924cde09-ccea-4031-844e-250be684390c,2024-09-20,1ecacae9-25bf-413d-9eca-381bfb95d0fc,Dress,Clothing,4,498.36,1993.44
2c41cbd3-72f4-44ab-81d7-1f4af3025d16,f8dfcc3a-2acb-4fbd-bbff-8a7df2f5b176,2024-03-23,0aeccec7-204d-49da-b156-7f2acef74829,Dress,Clothing,4,105.19,420.76
aee14f87-fcff-49e3-940f-f5896c624c2c,d2938e6e-ff4d-4930-b3b0-fb536f75ee8a,2024-08-31,4204d733-9855-4b1e-9588-1c1c25db5946,Headphones,Electronics,3,454.41,1363.23
ea074d80-ba23-4c22-a92a-7b9751db1a37,635a775d-1647-4e3f-9127-b207ceae1325,2024-08-04,db4bb8eb-537d-4bd1-8d53-6c7565b90e94,T-shirt,Clothing,6,350.53,2103.18
eacb1f6d-7549-49f9-850a-48d446b518de,b34e356a-c95b-41f8-832a-461adf9b7c1f,2024-08-29,6b6a8061-c81c-4d31-85c6-9fbf966b62ea,Novel,Books,9,293.98,2645.82
25f06b0a-264e-459d-aa18-e5af1cce08e9,c2250530-952a-4345-9682-d9ff910c4cb7,2024-12-30,900c0af7-1b0a-422e-acc8-17a619a6f80e,Jeans,Clothing,3,407.16,1221.48
493d6196-c926-4021-99da-8262c7903dc5,5807cf74-e150-4425-891f-4683de12dbf1,2024-12-06,a7a02a3d-620f-430b-839e-754c693016ea,Biography,Books,2,493.31,986.62
7919955c-9be4-419f-9270-1d607c4f48e4,67294d3c-4681-4a88-ac15-4804099759a3,2024-02-25,b193c8b8-ae49-4079-9bd0-d4c79e45455e,Laptop,Electronics,8,61.83,494.64
e3bb22ae-6552-4c53-89ed-a6f566d71d97,3cd1ff3f-b0c5-4278-94dc-cba5e1035e1c,2024-01-20,44c1f1b5-ebbb-4763-b9a7-e63bbee975da,Cookbook,Books,6,260.33,1561.98
567e642e-052d-4b9a-9f58-4603e5a3d8e9,4f9a5f98-4d95-4273-8b2c-c805d1403430,2024-04-18,b23909f4-dbb5-4645-bdda-c1b6d7c4caed,Biography,Books,10,447.91,4479.1
de703b72-f8f5-4a26-9924-c644af527666,f96671a5-4cec-495b-a267-16e33a5b6ac5,2024-10-15,52246d05-d369-4867-8626-e38f716fb276,Tablet,Electronics,7,499.82,3498.74
9adfe981-6ab1-4e15-ba92-992e44f8b53c,711456de-301c-4db3-96db-80dba543148e,2024-03-23,bdae8eff-683c-410e-92ef-a93be9d6bb7e,Travel Guide,Books,9,234.86,2113.74
de0018aa-8439-4fc0-826e-27067c059799,83e8b700-0e63-413e-922e-32265fb8944d,2024-11-03,b5a6571c-4fa5-435e-90cc-460428b26b1b,Shoes,Clothing,2,106.4,212.8
c7cfeca8-22b9-424c-a744-3fb881bd55d5,9194821e-e11b-40d4-8637-9f04d9ee7dc9,2024-01-12,d53ae57f-e00b-4534-b158-f1fb2c7a0d31,T-shirt,Clothing,8,259.62,2076.96
3fde9814-0ec0-4d4b-9644-1a9d3362d476,eb04159c-0cf1-43f9-b4d9-d1f508775804,2024-05-19,5e4c4fd1-4623-43a9-b2f8-dbabb462e3e8,Science Book,Books,3,445.08,1335.24
659e0258-814f-4657-b6d7-0561d2d14ef5,ae61716a-1fb6-41ae-ac4e-8cbba2aa378c,2024-01-12,98133da1-7d21-40ad-9f59-fb4d3defa7ba,Cookbook,Books,3,395.5,1186.5
ded7d3ef-f5e4-49c1-ad76-1ffa7233d5af,5989dd6c-8d24-44f9-963d-c8bf797e3984,2024-05-13,42378962-e4fd-4c34-9670-7a2129dc073e,Headphones,Electronics,9,459.82,4138.38
1723ecdb-b058-4256-94b3-e8cfbfbbeab3,0cb5ee5c-62f5-47c2-8706-fec248fa4e98,2024-03-04,f704d72f-c7a2-4280-927f-8103da9408c0,Smartphone,Electronics,9,118.86,1069.74
a5bab050-38aa-46df-9b6b-a39b36dd9529,44e2a94b-34ec-4264-ad7d-6f8139a0f145,2024-09-10,dd58631b-0522-46b9-8366-663668d576b8,Laptop,Electronics,6,470.63,2823.78
aea4a441-c47f-457e-b796-611fc7c1fb1b,21df5609-e959-437f-b95e-6f2b02472360,2024-09-08,022aadda-cd05-49e2-99e4-704c2c56e0cd,Tablet,Electronics,9,452.72,4074.48
ce1a1669-9bbc-4cbc-809c-a8f23948fe22,f78ee9e8-b676-491d-8e32-9b4bf168c605,2024-10-02,e53e5f4c-6c7e-4a2c-867f-358ba48aa108,Tablet,Electronics,4,335.78,1343.12
7580e4e9-5945-4186-9a01-8d296060b1eb,4d59616b-7779-457f-b7dc-8c784082fcda,2024-09-19,65abc9ff-9fa4-4627-9306-08be8548867b,Science Book,Books,3,331.26,993.78
82f29004-01e1-47d8-9a31-204495a0f356,d7e174e6-f76b-4723-a990-2071ffda9a93,2024-11-21,98017a2f-a5b8-4693-8fbb-a7495fcd859e,Cookbook,Books,2,276.16,552.32
af35b30b-4c68-4b17-885d-831c9beab529,5616af7e-1057-4002-bb53-359e1bacbd0d,2024-04-17,46e1ee40-dc8a-46a7-933c-2ed5a3fe0479,Smartwatch,Electronics,10,119.39,1193.9
f3c2944a-b60a-4dcc-a7f7-745142da8609,30385dd7-4c7d-4313-a6c6-81b0e4729be5,2024-02-28,e651e3e1-3d84-4fc9-83f6-2136846d5a3b,Cookbook,Books,10,201.93,2019.3
cd67b5df-db79-44e0-8e30-a61d0e88c8ec,a91883fc-6772-4e9f-999b-c859cf5e0f0b,2024-05-04,06843c86-b8a6-4402-a3d2-6b8dae46024d,Novel,Books,1,86.55,86.55
4bacbedf-ff5a-429e-bf53-d344a7c854e4,6793cb09-6b27-4eff-a82b-5b364269c28c,2024-05-30,b54401cb-9541-4a9d-890a-aa93bc9a7998,Cookbook,Books,5,343.01,1715.05
309e47ba-d0e6-46e5-9271-5f6efea82e3a,38eccb4d-b69f-4eab-b9ff-2c2957d9cbb0,2024-09-23,79c9c839-c8ef-4377-a368-84f588ddd880,Travel Guide,Books,10,337.55,3375.5
5bc677ca-abff-4286-b0cf-9d73e8121ef0,2b843ef3-d86d-455d-8cd9-916481df62f4,2024-11-22,2e5eeb6a-8ee9-481a-a061-f65fa8596f8c,Shoes,Clothing,5,338.86,1694.3
